公司名,编号,地区,主要产品,主要市场,交易量,交易额
Zhongshan Shaxi Bon Yip Garment Factory  ,1,Zhongshan,"T-shirt,Sweatshirt,Jacket,Trousers,Suits","Domestic Market 50.0%', 'Southeast Asia 40.0%', 'South Asia 5.0%",98,10000
"Yiwu Qiaomao Garment Co.,ltd  ",1,Yiwu,"100% cotton ruffle pants,baby soft outfits,kids fashion outfits,cotton japamas,kids ruffle dresses","Western Europe 95%', 'Domestic Market 5%",46,90000
"Guangzhou Shuliqi Garment Co., Ltd.  ",1,Guangzhou,"T-Shirt,Tank Top,Hoodies,Short,Tracksuit","North America 28.0%', 'Western Europe 25.0%', 'Oceania 10.0%",122,110000
"Yiwu Mingzhen Apparel Co., Ltd.  ",1,Yiwu,"Baby clothing,Baby romper,Girls dress,Baby pants,Kid ', 'clothes","North America 35%', 'Oceania 25%', 'South America 10%",61,170000
"Shaoxing Ecou Textile Co., Ltd.  ",1,Shaoxing,"Organic Cotton Knitting Fabric,Organic Cotton Woven Fabric,Bamboo Fabric,Hemp Fabric,Recycled Polyester Cotton Fabric,Fabric","North America 32.0%', 'Western Europe 24.0%', 'Domestic Market 20.0%",20,1100000
Yiwu Lulu E-Commerce Firm  ,1,Yiwu,"baby ', 'clothes', ',', 'children', ' ', 'clothes', ',infant ', 'clothes', ',boy ', 'clothes', ',', 'children', ' boy ', 'clothes",,161,90000
"Guangzhou Tailor Fashion Co., Ltd.  ",1,Guangzhou,"Pajamas,Dress,Underwear,LED Shoes,Swimwear","Western Europe 15%', 'Southeast Asia 15%', 'Africa 15%",221,90000
"Shenzhen Jinyunsen Technology Co., Ltd.  ",1,Shenzhen,"baby/kids ', 'clothes', ',baby/kids shoes,neoprene wetsuits,Adults ', 'clothes', ',', 'child', ' products",,145,40000
"Shanghai FullyStar Apparel Co., Ltd.  ",1,Shanghai,"Knitted Clothing,Woven Clothing","North America 28%', 'Eastern Asia 23%', 'South America 13%",5,10000
"Shanghai Leesourcing Apparel Co., Ltd.  ",1,Shanghai,"Baby Cloth,', 'Children', ' Cloth,Baby Romper,Baby Dress,Hat,Girl Dress","North America 60.0%', 'Western Europe 10.0%', 'Domestic Market 10.0%",36,30000
"Shantou Xueguo Clothing Industry Co., Ltd.  ",1,Shantou,"Women Pajamas,Sleepwear,', 'Children', ' Clothing,Robe,Baby Clothing","Mid East 60.0%', 'Southeast Asia 10.0%', 'Domestic Market 10.0%",21,20000
"Yiwu Dolike Clothing Co., Ltd.  ",1,Yiwu,Baby clothing,"North America 80%', 'South America 20%",60,90000
"Guangzhou Meiqiai Garment Co., Ltd.  ",1,Guangzhou,"Girl Party Dress,', 'Children', ' Dress,Cosplay Costume","North America 25.0%', 'Southeast Asia 20.0%', 'Western Europe 20.0%",205,100000
Butterflyinflower Merchandise Firm  ,1,Butterflyinflower,"Skirts,Headbands,Rompers,Pants,outfit","North America 75%', 'Western Europe 10%', 'Oceania 10%",86,160000
"Foshan Petelulu Apparel Co., Ltd.  ",1,Foshan,"Kids And Baby Clothing,Baby Romper,Newborn Clothing Set,', 'Children', ' Pajamas,', 'Children', ' T Shirt And Hoodie,', 'Children', ' ', 'Clothes', ' Set","Mid East 40%', 'Domestic Market 20%', 'Africa 10%",40,10000
"Huzhou Xinailan Import & Export Co., Ltd.  ",1,Huzhou,"Clothing,Accessories,Gifts,Toys,Shoes","North America 20%', 'Domestic Market 15%', 'South America 10%",72,20000
"Dongguan Lovelybabies Apparel Co., Ltd.  ",1,Dongguan,"children', ' clothing,kids wear,ruffle pant,girls dress,kids outfit","North America 80%', 'Eastern Europe 10%', 'South America 10%",3,200
"Yiwu Puresun Garment Co., Ltd.  ",1,Yiwu,"boutique outfit,rompers,girl dress,pajamas,accessories","North America 90%', 'Eastern Europe 5%', 'South America 3%",98,120000
Shenzhen Aung Crown Industrial Ltd.  ,1,Shenzhen,"Hats & Caps,Baseball Caps,Snapback,Winter hats,Bucket hats","North America 28%', 'Western Europe 24%', 'Oceania 14%",101,130000
"Shanghai Jingzhi Apparel Co., Ltd.  ",1,Shanghai,"Child', ' clothing,Flower girl dress,Baby ', 'clothes', ',Girl dress,Kid ', 'clothes","Domestic Market 40%', 'Eastern Europe 20%', 'Mid East 5%",101,40000
"Shanghai Solarwool Apparel Co., Ltd.  ",1,Shanghai,Knitted Apparel,"North America 50.0%', 'Northern Europe 30.0%', 'Oceania 10.0%",0,0
"Jieyang City Famous World Household Appliances Co., Ltd.  ",1,Jieyang,"sandals,slipper,shoes,clothing,dress","North America 30%', 'Africa 30%', 'South America 20%",316,130000
"Yiwu Deyi Trading Co., Ltd.  ",1,Yiwu,"umbrella,bags,', 'children', ' ', 'clothes', ',baby bibs,clothing hook","North America 28%', 'Western Europe 15%', 'Southeast Asia 13%",359,100000
"Xi an Hao Baby Trading Co., Ltd.  ",1,Xi,"Children's"", ' Dresses,', ""Children's"", "" Clothing Sets(Outfits),Baby Rompers,Baby's shoes,Teens "", 'Clothes","Africa 30%', 'South America 20%', 'North America 20%",66,10000
Shishi Yuchang Garment Accessories Film  ,1,Shishi,"hang tag,clothing tag,hang tag strings,printed labels,packing products","North America 60%', 'Western Europe 25%', 'Southeast Asia 5%",25,20000
"Yiwu Mommyhome Garment Co., Ltd.  ",1,Yiwu,"children', ' clothing,kids accessories,baby products,mommy products","North America 80%', 'Western Europe 5%', 'Mid East 5%",156,60000
"Guangzhou Petelulu Apparel Co., Ltd.  ",1,Guangzhou,"Kids and Baby Clothing (Baby Romper,Bodysuit,Bib,Hat,Blanket","North America 37%', 'Mid East 8%', 'Western Europe 7%",19,9000
Yiwu Hippo Kids Garments Limited Company  ,1,Yiwu,"Girls Boutique Outfits,Icing pants,T-shirts,Baby Clothing,Boys Outfits","North America 70%', 'Oceania 10%', 'Western Europe 10%",35,20000
"Hubei Vison Garment Co., Ltd.  ",1,Hubei,"Camouflage Uniform,Workwear Uniform,Security Uniforms,Chef Uniform,Apron","North America 20.0%', 'Western Europe 10.0%', 'Eastern Asia 10.0%",148,20000
"Jiangmen Jianbaostar Garments Co., Ltd.  ",1,Jiangmen,"Baby Romper,Baby Knitted Top & Bottom Set,Baby Knitted Accessories,Baby Carrier,Baby Pillows","Domestic Market 15.0%', 'Central America 10.0%', 'North America 10.0%",22,50000
"Yiwu Jiedeng Trade Co., Ltd.  ",1,Yiwu,"Girl Dress,Baby Romper,Kids ', 'Clothes', ' Set,Baby Shoes,Ruffle Legging","North America 80%', 'Western Europe 3%', 'Eastern Europe 3%",46,30000
"Yiwu Kerui Garment Co., Ltd.  ",1,Yiwu,"baby clothing,baby costume,baby dress,pettiskirt,baby shoes","North America 30%', 'South America 30%', 'Eastern Europe 20%",0,0
"Zhangjiagang City Yuanzhi Electronic Commerce Co., Ltd.  ",1,Zhangjiagang,,,156,30000
"Yiwu City Bohong Clothing Co., Ltd.  ",1,Yiwu,"children', ' ', 'Clothes', ',Pettiskirt,Tutus,Baby Romper,Baby Bloomer","North America 70%', 'Western Europe 20%', 'Mid East 4%",136,120000
"Shishi Shengshang Garment Co., Ltd.  ",1,Shishi,"Baby Romper,Kids Pajamas,Kids ', 'clothes', ',Baby ', 'clothes', ',Girl dress","North America 30%', 'Western Europe 15%', 'Eastern Europe 15%",74,20000
"Yiwu Ximu Garments Co., Ltd.  ",1,Yiwu,"mother and baby products,Accessories",,266,40000
"Shaoxing Shangyu Shell Clothing Co., Ltd.  ",1,Shaoxing,"baby ', 'clothes', ',girl dress,baby romper,baby clothing set,new boy jean","North America 45%', 'Mid East 10%', 'Africa 8%",350,60000
"Yiwu Zedan Garment Co., Ltd.  ",1,Yiwu,"Baby ', 'Clothes","North America 85.7%', 'Oceania 11.4%', 'Western Europe 2.9%",243,80000
"Hangzhou Riguan Apparel Co., Ltd.  ",1,Hangzhou,"childern ', 'clothes', ',baby ', 'clothes', ',kids dress,clothing set,Baby Shoes","Domestic Market 69%', 'Southern Europe 21%', 'North America 5%",23,40000
Shenzhen City Bao'an District Xinan Baihui ,1,Shenzhen,"Manufacturing,Incoming sample custom make,Stock product,Undertake order,Wholesale and retail","Western Europe 10%', 'South America 10%', 'Southeast Asia 9%",146,20000
"Yiwu Yien Garment Co., Ltd.  ",1,Yiwu,"Baby ', 'Clothes', ',Evening Dress,', 'Children', ' Dress,Leggings,Scarfs","Southern Europe 25%', 'Northern Europe 16%', 'Eastern Europe 15%",94,30000
"Fuzhou Qihao Clothing Trade Co., Ltd.  ",1,Fuzhou,"Knitted ', 'Children', ' ', 'Clothes', ',Knit Pet ', 'Clothes', ',', 'Children', ' ', 'Clothes","North America 92%', 'Western Europe 2%', 'Central America 2%",22,40000
Yiwu Xiaotian Bag&Case Manufactory  ,1,Yiwu,"handbag,cosmetic bag,shopping bag,purse/wallet,cooler bag","North America 48%', 'Southeast Asia 18%', 'South America 16%",61,290000
"Shenzhen YaYa Baby Products Co., Limited  ",1,Shenzhen,"baby shoes,kid shoes,baby moccasins,girl dress,baby dress","Oceania 35%', 'North America 30%', 'Western Europe 10%",150,50000
"Shaoxing Boya Fashion Co., Ltd.  ",1,Shaoxing,"Suits,Pants,Uniform,Overcoat,Vest","South America 36%', 'Western Europe 22%', 'Southern Europe 21%",45,120000
"Yiwu Mingzhen Apparel Co., Ltd.  ",1,Yiwu,"children', ' ', 'clothes', ',kids ', 'clothes', ',baby ', 'clothes', ',', 'children', ' outfit /dress,baby outfit /dress","North America 30%', 'Central America 10%', 'Oceania 10%",74,200000
"Lanxi Zhuifeng Girl Trading Co., Ltd.  ",1,Lanxi,"baby ', 'clothes', ',baby shoes,women ', 'clothes', ',bags","North America 95%', 'Mid East 5%",54,20000
Yiwu Angdi Clothing Factory  ,1,Yiwu,"kids ', 'clothes', ',cotton,dress,boutique,', ""children's"", ' suit",,27,50000
"Xiamen Channel Trading Co., Ltd.  ",1,Xiamen,"sexy lingerie,sex toys,', 'children', ' wear,dress,costume","North America 28%', 'Eastern Europe 23%', 'South America 10%",62,10000
"Hefei Kinsney Trading Co., Ltd.  ",1,Hefei,"kids ', 'clothes', ',kids shoes,baby ', 'clothes', ',kids asccessory,bags","North America 35%', 'Oceania 20%', 'Domestic Market 6%",0,0
"Dongguan XUQY Technology Co., Ltd.  ",1,Dongguan,"Dresses,Caps,Belts,Watches,Backpacks","South America 20%', 'Western Europe 10%', 'Southeast Asia 10%",254,90000
"Yiwu Bokun Garment Co., Ltd.  ",1,Yiwu,"Children', ' ', 'Clothes","North America 98.0%', 'Africa 2.0%",158,50000
"Hefei Xinyiyang Trading Co., Ltd.  ",1,Hefei,"kids ', 'clothes', ',kids shoes,baby ', 'clothes', ',baby shoes,bags","North America 20%', 'Mid East 12%', 'Southeast Asia 10%",119,50000
"Huizhou Qian Qian Industrial Co., Ltd.  ",1,Huizhou,"Sweater,Hand knit wear,Garment,Clothing,Pet Clothing","North America 14%', 'Central America 13%', 'Western Europe 13%",171,50000
"Nanchang Zhaoyun Garment Co., Ltd.  ",1,Nanchang,"t-shirt,hoodie,polo shirt,kids minikit,', 'children', ' ', 'clothes","North America 70%', 'Mid East 15%', 'South America 10%",214,100000
"Yiwu Qiaomao Garment Co., Ltd.  ",1,Yiwu,"kids fashion clothing sets,100% cotton ruffle pants,fashion dresses,cotton tops,baby soft outfits","South America 95%', 'North America 5%",44,20000
"Zhangzhou Yuanshun Building Materials Co., Ltd.  ",1,Zhangzhou,clothing,"Africa 36%', 'North America 15%', 'Eastern Asia 13%",26,4000
"Yiwu Hosource Trading Co., Ltd.  ",1,Yiwu,"Baby muslin swaddle blanket,Fleece blanket,Beach towels,Girl ', 'clothes', ',Boy ', 'clothes","North America 60%', 'Oceania 20%', 'Western Europe 10%",148,130000
"Shishi Xiaogala Dress And Weaving Co., Ltd.  ",1,Shishi,"kids clothing sets,man clothing,baby wear,T-shirts,girl dress","Northern Europe 15%', 'Mid East 10%', 'Eastern Europe 10%",10,230000
"Yiwu Chenzun Garment Co., Ltd.  ",1,Yiwu,"Children's"", ' Clothing,', ""Children's"", ' Accessories,Adult Clothing,Adult Accessories","North America 75%', 'Western Europe 10%', 'Northern Europe 5%",47,10000
"Guangzhou Petelulu Apparel Co., Ltd.  ",1,Guangzhou,"Baby Romper,Newborn Clothing Set,', 'Children', ' Pajamas,', 'Children', ' T Shirt and Hoodie,', 'Children', ' ', 'Clothes', ' Set","North America 16.0%', 'Mid East 12.0%', 'Western Europe 12.0%",24,50000
"Huzhou Meichun Textile Co., Ltd.  ",1,Huzhou,"children's"", ' garments,kids ', 'clothes', ',', 'children', ' socks","Domestic Market 35%', 'Southeast Asia 20%', 'Africa 5%",53,8000
"Suzhou Dreamcolor Textile Co., Ltd.  ",1,Suzhou,"outdoor sport wear,gym wear,camping equipment,kid furniture,t shirt","Western Europe 30%', 'North America 30%', 'Oceania 10%",192,50000
"Dongguan Nok Hee Clothing Co., Ltd.  ",1,Dongguan,"Girl dress,women dress,', 'children', ' clothing,flower girl dress,', 'children', ' wear","Mid East 20%', 'Western Europe 20%', 'Central America 20%",0,0
"Shaanxi Enterprise Import & Export Trading Co., Ltd.  ",1,Shaanxi,"Baby ', 'clothes', ',Kids ', 'clothes', ',Girl accessories,Kids shoes,Kids Cap","North America 30%', 'Eastern Europe 10%', 'Central America 5%",0,0
"Yiwu Kaiyo Garment Co., Ltd.  ",1,Yiwu,"baby ', 'clothes', ',girls dress,ruffle pants,ruffle shorts,', 'children', ' shirts","North America 90%', 'Oceania 2%', 'Northern Europe 2%",62,40000
"Fuzhou Chuangyou Electronic Commerce Co., Ltd.  ",1,Fuzhou,"Baby Romper,Baby Clothing set,Kids Coat,Kids Clothing Set,Kids Pants","South America 10%', 'Eastern Europe 10%', 'Southeast Asia 10%",66,9000
Yiwu Boyi Lucky Garments Factory  ,1,Yiwu,"Children's"", ' clothing,fashion dress,tutu skirt,cotton outfits,shoes","Eastern Europe 85%', 'South America 5%', 'North America 5%",30,30000
KATIF APPAREL  ,1,KATIF,"T-Shirt,Hoodie,', 'children', ' ', 'clothes', ',Baby clothing,uniform","Central America 20%', 'Africa 10%', 'Eastern Europe 10%",0,0
Yiwu Rongnuo Clothing Factory  ,1,Yiwu,"Children', ' Outfit,Baby Rompers,Car Seat Covers,', 'Children', ' Clothing Accessories,Girl Dress","North America 83%', 'Western Europe 5%', 'Eastern Europe 5%",147,130000
"Huzhou Zhili Diren Textile Co., Ltd.  ",1,Huzhou,"Children's"", ' ', 'Clothes', ',Curtains,Shower Curtains","North America 84.94%', 'South America 13.65%', 'Africa 1.09%",97,190000
Yiwu Kainuo Garment Firm  ,1,Yiwu,"childrens', "" clothing,leggings,Girl's dress,girls clothing sets,shirt","North America 60%', 'South America 30%', 'Eastern Asia 3%",0,0
"Wenzhou Usun International Trade Co., Ltd.  ",1,Wenzhou,"Underwear,Kids Underwear,T Shirt,Long Johns,Tank Top","North America 60.0%', 'Eastern Asia 15.0%', 'Southeast Asia 15.0%",169,40000
"Jiangxi Etension Garments Co., Ltd.  ",1,Jiangxi,"Quick dry T shirts,Tricot Jackets,Sports shorts,Sport POLO shirts,cycling wear","North America 50%', 'Mid East 20%', 'South America 20%",4,1000
"Hangzhou Fu Er Import&Export Co., Ltd.  ",1,Hangzhou,"women's clothing,men's clothing,baby/"", ""children's"", ' clothing,bags,shoes","Western Europe 20%', 'North America 15%', 'Eastern Europe 10%",82,10000
Yiwu Mayflower Clothing Factory  ,1,Yiwu,"kids ruffle boutique clothing set,baby clothing,kids dresses,customized clothing,kids ', 'clothes', ' accessories","South America 30%', 'North America 30%', 'Central America 28%",17,20000
"Hebei Wangteyuan Garment Co., Ltd.  ",1,Hebei,"Baby ', 'Clothes",Domestic Market 100.0%,0,0
"Qingdao Weilaidun Clothing Co., Ltd.  ",1,Qingdao,"Production of clothing and clothing accessories,', ""Children's"", ' clothing and toys,Needle textile embroidery,Sale of cotton yarn,Knitted fabric",,0,0
"Shaanxi Shengfeng Import & Export Trading Co., Ltd.  ",1,Shaanxi,"kids garments,kids shoes,kids bedding,school bag,girl jewelry","Africa 20%', 'North America 10%', 'Eastern Europe 10%",16,10000
"Xinji Geshida Apparel And Accessories Co., Ltd.  ",1,Xinji,"Gloves,Hats,Baby ', 'clothes","Southeast Asia 15%', 'Eastern Europe 12%', 'Central America 10%",65,10000
"Foshan Lucky Rabbit Garment Co., Ltd.  ",1,Foshan,"Jeans Suits,Baby Clothing Sets",Domestic Market 100.0%,42,4000
"Shaoxing City Jiuzhan Imp & Exp Trade Co., Ltd.  ",1,Shaoxing,"curtains,blankets,kitchen supplies,towels,Bedding Sets","South America 25%', 'North America 25%', 'Central America 25%",0,0
"Lianxin (Nanjing) Network Technology Co., Ltd.  ",1,Lianxin,"Children's"", ' Wear,Adult Shirt,Blank T-shirt,Customized Shirt;","North America 30%', 'Eastern Europe 20%', 'Northern Europe 20%",0,0
"Qingdao Finefine Trade Co., Ltd.  ",1,Qingdao,"baby ', 'clothes', ',kids ', 'clothes', ',baby romper,girl dress,Girls party dresses","North America 50%', 'Africa 20%', 'Western Europe 10%",5,5000
"Huzhou Enhance International Trade Co., Ltd.  ",1,Huzhou,"Girl Dresses,Baby Rompers,Boy Suits,Kids Clothing Sets,Kids Pajamas","North America 50.0%', 'Mid East 10.0%', 'South America 10.0%",123,40000
"Yiwu City Aier Clothing Co., Ltd  ",1,Yiwu,"children', ' clothing,kid pajamas,girls dress,baby romper,baby girls outfit",,0,0
"Dongyang Tengyuan Trade Co., Ltd.  ",1,Dongyang,"dry hair cap,bath towel,face towel,thermos cup,baby headwear","North America 20%', 'Eastern Asia 10%', 'Eastern Europe 10%",20,4000
"Dongguan Jiahao Apparel & Fashion Co., Ltd.  ",1,Dongguan,"Children's"", ' Clothing (Girls Dress,Boys Suit and Shirt,Kids T-shirt,Christening Gown,Kids Coat","Domestic Market 39%', 'Mid East 15%', 'Eastern Europe 13%",48,10000
"Yiwu Huizhe Trading Co., Ltd.  ",1,Yiwu,"Pet,Textile,Toys,Christmas,Electronic product","South America 15%', 'Eastern Europe 15%', 'North America 15%",596,150000
Shishi Kuluo ,1,Shishi,"padded jacket,ski ', 'clothes', ',warm padded jacket,winter ', 'clothes', ',outwear","Northern Europe 33%', 'Western Europe 26%', 'North America 20%",2,300
"Anyang Mingfan Trading Co., Ltd.  ",1,Anyang,"Baby suit,Baby clothing,Mouth towel,Baby Hat,Baby hug","North America 35%', 'South America 30%', 'Northern Europe 20%",2,100
Yiwu ShuangTong Garment Factory  ,1,Yiwu,"Pettiskirt,party ', 'clothes', ',tottle ', 'clothes', ',tv movie,balloon","North America 30%', 'Eastern Europe 10%', 'South America 10%",6,500
"Huzhou Lordaeron Trade Co., Ltd.  ",1,Huzhou,"kids clothing,kids wear,baby ', 'clothes', ',baby suits,baby sets","Eastern Europe 20%', 'South America 20%', 'North America 20%",0,0
Pujiang Daying Trading Company Ltd.  ,1,Pujiang,"kids ', 'clothes', ',kids pajamas,kids dress,baby dress","North America 90%', 'South America 10%",0,0
"Yiwu Bonita Clothing Co., Ltd.  ",1,Yiwu,"Baby Romper,Kids Dress,Kids Tops,Leggings,Kids Outfits","North America 60%', 'South America 15%', 'Eastern Europe 10%",14,2000
"Yiwu Sophia Garments Co., Ltd.  ",1,Yiwu,"kids/baby ', 'clothes', ',dress,top,pant,romper","South America 30%', 'North America 30%', 'Domestic Market 20%",131,120000
Zhongshan Shaxi Bon Yip Garment Factory  ,1,Zhongshan,"T-shirt,Sweatshirt,Jacket,Trousers,Suits","Domestic Market 50.0%', 'Southeast Asia 40.0%', 'South Asia 5.0%",98,10000
"Yiwu Kaiya E-Commerence Co., Ltd.  ",1,Yiwu,"baby gown,raglan top,icing ruffle legging,cotton ruffle romper,flower girl dress","North America 95%', 'Northern Europe 5%",108,100000
"Dongguan Additex Apparel Co., Ltd.  ",1,Dongguan,"Family Kidswear,Girl dress,Boy sets,Cycling jersey,Yoga activewear","North America 40%', 'Western Europe 15%', 'Domestic Market 10%",15,3000
"Yiwu Kaiyo Garment Co., Ltd.  ",1,Yiwu,"girls dress,ruffle pants,ruffle shorts,pajamas,shirt","North America 90%', 'Southern Europe 3%', 'Northern Europe 3%",0,0
"Yiwu Lanxia Garment Co., Ltd.  ",1,Yiwu,"dress,garment,costume,lingerie,evening dress","South America 50%', 'North America 40%', 'Domestic Market 5%",33,10000
"Shenzhen Dancebeauty Clothing Co., Ltd.  ",1,Shenzhen,"Dance Shoes,Ballet Tutu Dress,Ballet Leotards,Latin Dress,Dance Tights","Domestic Market 43.0%', 'Eastern Europe 10.0%', 'North America 10.0%",95,20000
"Guangzhou Max Garment Co., Ltd.  ",1,Guangzhou,"kids party dress,', 'children', ' dress,kids ', 'clothes', ',girl princess party dress,Performance dress","North America 20%', 'Eastern Europe 20%', 'South America 15%",21,9000
Yiwu Xiangguan ,1,Yiwu,"baby shoes,kids shoes,baby socks,kids socks,infant shoes","South America 20%', 'Mid East 20%', 'Eastern Europe 18%",216,80000
"Yiwu G.S. Import & Export Co., Ltd.  ",1,Yiwu,"Yoga Wear,Leggings,Blouse,Pants","North America 40.0%', 'Northern Europe 20.0%', 'Domestic Market 10.0%",48,50000
"Foshan Wellwide Apparel Co., Ltd.  ",1,Foshan,"Childrens', ' Clothing","Eastern Asia 30.0%', 'North America 15.0%', 'Western Europe 10.0%",22,9000
"Guangzhou Bebest Clothing Co., Ltd.  ",1,Guangzhou,"Children's"", ' clothing,', ""Children's"", "" accessories,Women's clothing,Party dress","Central America 20%', 'Eastern Europe 12%', 'Oceania 10%",0,0
Dongguan Gold Bean ,1,Dongguan,"Children', ' Dresses,OEM/ODM Service,Adult Garment,Kids ', 'Clothes","North America 17%', 'Western Europe 13%', 'Domestic Market 10%",13,9000
"Yiwu Yuanhao Trading Co., Ltd.  ",1,Yiwu,"Women Clothing,Sportswear,Festival Clothing,Underwear,Shoes & Accessories",North America 90%,303,80000
"Dongguan U-My Garment Co., Ltd.  ",1,Dongguan,"Amigurumi,Crochet Dress,Crochet Hat,Men Sweater,Women Sweater","Western Europe 45%', 'North America 30%', 'Eastern Europe 10%",50,30000
"Shanghai Jingzhi Apparel Co., Ltd.  ",1,Shanghai,"baby ', 'clothes', ',kid ', 'clothes', ',baby product,fashion accessories,headwear","North America 20%', 'South Asia 15%', 'Southeast Asia 10%",126,40000
Xi'an Qifen E-Commerce Limited Company  ,1,Xi'an,"Kids ', 'Clothes', ',Outdoor sports,Garden &Home",,327,130000
"Foshan Hua Ji Feng Trading Co., Ltd.  ",1,Foshan,"clothes', ',trousers,Suit,skirt,Loose coat","Africa 36%', 'South America 23%', 'North America 12%",0,0
"Guangzhou HeyouJ2 Trading Co., Ltd.  ",1,Guangzhou,"Children's"", ' garment,Baby ', 'clothes', ',Kids products,baby accesories,Ladies; dresses","Southeast Asia 30%', 'Domestic Market 15%', 'Mid East 15%",21,4000
"Shijiazhuang Yuai Garment Trading Co., Ltd.  ",1,Shijiazhuang,"baby ', 'clothes', ',', 'children', ' ', 'clothes', ',baby romper,baby dress,baby clothing set","North America 30%', 'Africa 20%', 'Eastern Europe 20%",5,200
Yiwu Kalun Garment Factory  ,1,Yiwu,"garments,pettiskirt,pettipant,shirts,ruffle top","Central America 20%', 'South America 20%', 'Eastern Asia 10%",185,40000
"Yiwu Sandro Trade Co., Ltd.  ",1,Yiwu,"storage bag,bean bag,cosmetic bag,makeup bag,Pouch","North America 20%', 'Southern Europe 20%', 'South America 10%",69,90000
"Quanzhou Kinrun Shoes & Clothing Co., Ltd.  ",1,Quanzhou,"baby bodysuit,backpack bag,sport shoes,casual shoes,T shirt","Southern Europe 20%', 'Eastern Europe 20%', 'Western Europe 20%",226,70000
"Nanchang XiHui Import and Export Trade Co., Ltd.  ",1,Nanchang,"garment,clothing,mens suit","North America 50%', 'Mid East 20%', 'South Asia 20%",31,4000
"Yiwu City Aier Clothing Co., Ltd.  ",1,Yiwu,"childrens', "" boutique outfits,girls dress,romper,boys and girls pants,borthers and sister's outfit",,0,0
UCLER TEKSTIL TURIZM VE INSAAT SANAYI DIS TICARET LIMITED SIRKETI  ,1,UCLER,"Baby kids and ', 'children', ' wholesale clothing Laleli Istanbul Turkey,wholesale Kids Girl clothing and dresses,Wholesale Kids Boy clothing suits and sport wears,Baby and newborn clothing body blanket and socks,', 'Children', ' and kids school ', 'clothes","Northern Europe 10%', 'Eastern Europe 10%', 'South Asia 10%",0,0
"Shanghai Caparison Trading Co., Ltd.  ",1,Shanghai,"Children', ' ', 'clothes', ',baby romper,baby suit,baby dress,girl party dress","North America 35%', 'South America 30%', 'Eastern Europe 10%",270,30000
"Shaoxing Shangyu Aimiyaa Imp. & Exp. Co., Ltd.  ",1,Shaoxing,"girl dress,baby ', 'clothes', ',baby romper,baby clothing set,headband","North America 46%', 'Africa 8%', 'South America 8%",29,6000
"Yiwu Happy Luoka Garments Co., Ltd.  ",1,Yiwu,"Baby Shoes,Girls' Dresses,Leg Warmer,necklace,Baby Headband",,208,130000
"Shenzhen Cargo-Global Trading Co., Ltd.  ",1,Shenzhen,"Apparel & Accessories,Luggage & Bags,Mother & Kids,Jewelry & Accessories,Beauty & Health","South America 20%', 'Western Europe 10%', 'Southeast Asia 10%",85,30000
"Shanghai Ivy Trading Co., Ltd.  ",1,Shanghai,"clothes', ',shoes,hats,kids toys,accessories","North America 20%', 'Africa 18%', 'South America 15%",79,10000
"Shenzhen KQ Technology Co., Ltd.  ",1,Shenzhen,"boys clothing,boy's clothing sets,kids clothing boy,"", ""children's"", ' wear,kids clothing","North America 50%', 'South America 20%', 'Northern Europe 10%",0,0
"Shijiazhuang Aofeite Medical Device Co., Ltd.  ",1,Shijiazhuang,"Lumbar Support Belt,Knee Brace","North America 24.52%', 'Western Europe 19.32%', 'Southern Europe 12.96%",681,420000
"Guangzhou Yulong Garment Co., Ltd.  ",1,Guangzhou,"Children's"", ' wear,Boys in ', ""Children's"", ' ', 'Clothes', ',', ""Children's"", ' suit","South Asia 60%', 'Southeast Asia 30%', 'Eastern Asia 10%",0,0
"Yiwu Boka Garment Accessories Co., Ltd.  ",1,Yiwu,"yoga pants,fabric,lace,women belt,Clothing accessories","Northern Europe 20%', 'North America 10%', 'Eastern Europe 10%",57,20000
"Foshan Yiheng Clothing Co., Ltd.  ",1,Foshan,"Child', ' ', 'Clothes', ',', ""Children's"", ' sports suit",Northern Europe 80%,0,0
"Yiwu JiangYi Shoes Industry Co., Ltd.  ",1,Yiwu,"mask,costumes,wigs,hats,party accessories","Eastern Europe 20%', 'Western Europe 20%', 'Northern Europe 20%",0,0
"Zhuhai Musen Garment Co., Ltd.  ",1,Zhuhai,"Clothing design,Clothing production,Clothing sales,Clothing Import and Export,OEM","Domestic Market 30%', 'North America 20%', 'Northern Europe 12%",0,0
"Anhui Angels Trade Co., Ltd.  ",1,Anhui,"Children's"", ' clothing,women clothing,men clothing,bags,shoes",,356,90000
"Hangzhou CHC I/E Co., Ltd.  ",1,Hangzhou,"T-Shirts,Sportswear,Dress,Down jacket,Trousers",Western Europe 100.0%,0,0
"Anhui Suntex Garment & Textile Co., Ltd.  ",1,Anhui,"apparel,fabrics,dress,shirt,coat","Western Europe 80%', 'Eastern Europe 20%",114,30000
"Huzhou Nuobo Import And Export Co., Ltd.  ",1,Huzhou,"Polyester fabric,', ""Children's"", ' Wear,Silk scarf,Kniting fabric,Lace fabric",North America 50%,36,60000
BABEENI VIETNAM COMPANY LIMITED  ,1,BABEENI,"Smocked infant clothing,hand smocked dress,smock dress,baby smock dress,smocked bishop dress","North America 60%', 'South America 30%', 'Oceania 6%",0,0
"Huzhou Deke Houseware Co., Ltd.  ",1,Huzhou,"wooden wagon wheel,wood wheel bench,Adirondack chair,Log Adirondack chair,Wooden Picnic Table and Bench","North America 55%', 'South America 15%', 'Western Europe 5%",4,300
"Yiwu YIYUAN Garment Co., Ltd.  ",1,Yiwu,"baby girls garments,little girls dresses,baby rompers,girls swimsuit,baby Hair Accessories","South America 50%', 'Western Europe 50%",78,60000
Yiwu Longge Accessories Limited  ,1,Yiwu,"sunglasses,socks,fashion jewelry,keychains,Promotional products","South America 30%', 'North America 20%', 'Western Europe 15%",293,210000
"Quanzhou Yixin Commerce & Trade Co., Ltd.  ",1,Quanzhou,Swimsuit,"North America 40.0%', 'Domestic Market 20.0%', 'Western Europe 20.0%",129,50000
"Xiamen Zhuoyue Gaofei Trading Co., Ltd.  ",1,Xiamen,"Sportswear,Women Dresses,Islamic Clothing","North America 22%', 'Mid East 15%', 'Eastern Europe 13%",118,10000
"Yiwu Pretty Clothing Co., Ltd.  ",1,Yiwu,"Yoga Pants,Sports Bra,Gym Tank Top,Sports Shirt,Gym Shorts","North America 25%', 'Eastern Europe 20%', 'Western Europe 18%",591,380000
"Anyang General International Trade Co., Ltd.  ",1,Anyang,"Baby ', 'clothes', ',Infant clothing,Baby clothing set,Baby romper,Baby wear","Western Europe 20%', 'North America 20%', 'Eastern Europe 20%",35,6000
"Yiwu Luanli Trading Co., Ltd.  ",1,Yiwu,"tactical bag,straw bag,rattan bag,women bag","North America 85%', 'Western Europe 10%', 'Southeast Asia 5%",2,100
"Dongguan Borsung Clothing Industry Co., Ltd.  ",1,Dongguan,"Baby Cloth,Toddler Cloth,Kids Cloth,Smocked Cloth,Ruffle Cloth","North America 40%', 'Central America 10%', 'Eastern Europe 10%",5,7000
"Yiwu Amysi Garments Co., Ltd  ",1,Yiwu,"adult clothing,', ""children's"", ' clothing,underwear,hats,scarves","Africa 20%', 'Eastern Asia 15%', 'South America 10%",0,0
"Hefei Aolige Trade Co., Ltd.  ",1,Hefei,"Children', ' Clothing,Baby Clothing,Toy&Doll,Adult Clothing,Home textile products","Eastern Europe 20%', 'Western Europe 20%', 'North America 20%",54,5000
"Yiwu Yiying Garments Co., Ltd.  ",1,Yiwu,"Children', ' Clothing","North America 80.0%', 'Western Europe 10.0%', 'Oceania 10.0%",131,80000
Yiwu Special4u Commodity Factory  ,1,Yiwu,"Outdoor supply,Garment","South America 10%', 'Northern Europe 10%', 'North America 10%",81,190000
Shantou Chaonan Xiashan Geertu Clothing Store  ,1,Shantou,"children', ' ', 'clothes', ',Girl dresses,', 'children', ' ', 'clothes', ' girls,', 'children', ' dress,girls clothing set","Mid East 11%', 'Southern Europe 11%', 'South Asia 11%",0,0
"Yiwu Haohao Garments Co., Ltd.  ",1,Yiwu,"Baby clothing,', 'Children', ' clothing","North America 80%', 'Domestic Market 10%', 'Northern Europe 5%",121,100000
Fuzhou Riversuny Waterproof Garments & Bag Mfg Ltd.  ,1,Fuzhou,"Garment,Bag","North America 10.0%', 'Northern Europe 10.0%', 'Eastern Europe 10.0%",15,50000
Huzhou Zhili Minimo Garment Factory  ,1,Huzhou,"kids pants,kids tops,kids clothing sets,kids coat,girls dress","North America 18%', 'South America 17%', 'Central America 11%",0,0
"Hangzhou Juanmei Import & Export Co., Ltd.  ",1,Hangzhou,"Children's"", ' Clothing","Northern Europe 80.0%', 'Eastern Europe 10.0%', 'Domestic Market 10.0%",9,1000
"Dongguan Renjie Industry Co., Ltd.  ",1,Dongguan,"Streetwear,Casual Wear,Active Wear","North America 35%', 'Oceania 29%', 'Western Europe 20%",203,150000
"Yiwu Wingtu Import & Export Co., Ltd.  ",1,Yiwu,"Scarf,Jewelry","North America 48%', 'Oceania 12%', 'Western Europe 10%",10,8000
"Haining Litian Socks Co., Ltd.  ",1,Haining,"socks,pet socks,men socks,women socks,dog socks","Western Europe 50%', 'North America 30%', 'Africa 10%",0,0
"Hangzhou Xiner Garment Co., Ltd.  ",1,Hangzhou,,,0,0
"Shishi Baohui Garment Making Co., Ltd.  ",1,Shishi,"children's"", ' wear,', ""children's"", ' knit wear,', ""children's"", ' knit set,', ""children's"", ' coat,', ""children's"", ' T-shirt","Western Europe 25%', 'Domestic Market 20%', 'Eastern Europe 15%",0,0
"Yiwu City Qing Li Garment Co., Ltd.  ",1,Yiwu,"Pettiskirt,T-shirt,Romper,Ballet Tutus,Baby ', 'clothes","Central America 10%', 'North America 10%', 'South America 10%",39,40000
"Weihai Bomi Trading Co., Ltd.  ",1,Weihai,Kid Clothing,"Domestic Market 90.0%', 'Eastern Europe 10.0%",14,2000
Wuxi City Chuanqingdayi Arts & Crafts Factory  ,1,Wuxi,"Wedding Collection,Flower Basket,Candy Bag,flower girl dress,Ring Pillow","Southeast Asia 8%', 'Oceania 8%', 'North America 8%",68,30000
Yiwu Rainbow Up Trading Limited  ,1,Yiwu,"Girl dress,Kids clothing,Fashion accessories,Baby ', 'clothes', ',Jewelry","North America 51%', 'Africa 15%', 'Southeast Asia 9%",0,0
"Shaoxing Jinguo Garment&Furnishings Co., Ltd.  ",1,Shaoxing,"shirts,hoodies,Tshirt,jacket,pants","North America 30%', 'Eastern Europe 20%', 'Southeast Asia 15%",126,30000
"Wuxi Kuanyang Textile Technology Co., Ltd.  ",1,Wuxi,"Sublimation Paper,Fabric","Southeast Asia 63.7%', 'Domestic Market 16.0%', 'Africa 10.0%",0,0
"Jian'ou City Mirongfang Garment Co., Ltd.  ",1,Jian'ou,"Home ', 'Clothes', ',Baby Kid ', 'Clothes', ',Adult ', 'Clothes', ',Work ', 'Clothes","Domestic Market 60.0%', 'North America 15.0%', 'Western Europe 15.0%",23,5000
"Hunan Di Hua E-Commerce Co., Ltd.  ",1,Hunan,clothing,"Central America 28%', 'Northern Europe 15%', 'North America 10%",0,0
Yiwu Koya Garment Factory  ,1,Yiwu,"Girls Outfits,Girls Dresses Tutu,Romper Pants,Body Suits,Apparel Accessories","North America 30%', 'Central America 20%', 'Northern Europe 10%",34,8000
"Anyang Yuehong Trading Co., Ltd.  ",1,Anyang,"Baby clothing,', 'Children', ' products,', 'Children', ' clothing,Plush toys,', 'Children', ' bed","Eastern Europe 20%', 'North America 20%', 'Africa 15%",33,10000
Yiwu Ibear Garment Factory  ,1,Yiwu,"Garment,Skirt,Accessories,pants,Scarf","North America 20%', 'South America 20%', 'Africa 10%",104,40000
"Anhui Zhenhao Import & Export Trade Co., Ltd.  ",1,Anhui,"Wedding Dress,Evening Dress,Bridesmaid Dress,Flower girl dress,Wedding accessories","Western Europe 20%', 'North America 15%', 'Africa 10%",173,40000
Guangzhou Haowei ,1,Guangzhou,"Baby ', 'Clothes', ',Baby Blanket,Baby Shoes,Baby Socks,Baby Diaper Pants","Southeast Asia 30.0%', 'Africa 20.0%', 'South America 15.0%",149,50000
"Hengshui Liou Import and Export Trade Co., Ltd.  ",1,Hengshui,"waist trainer,sport protect goods,panties,sport,baby products","Southeast Asia 20%', 'North America 15%', 'Eastern Europe 15%",272,50000
"Yancheng Joy Foundation Cultural Creativity Co., Ltd.  ",1,Yancheng,"plush toys,pet supply,Household items,Gifts & Crafts","Western Europe 30%', 'North America 30%', 'Northern Europe 5%",187,80000
"Cangnan Chengfeng Trade Co., Ltd.  ",1,Cangnan,"underwear,longjohns,shirt,pajamas,uniform","South America 70%', 'South Asia 20%', 'Western Europe 10%",11,90000
"Yiwu East Rose Trading Co., Ltd.  ",1,Yiwu,"baby ', 'clothes', ',girl accessories,girl shoes,girl headband","Central America 20%', 'South America 20%', 'North America 20%",0,0
"Guangzhou Yi Ai Trading Co., Ltd.  ",1,Guangzhou,"Women's clothing,Men's clothing,Muslim dress,Kids Clothing Set,Fashion Accessories","Southern Europe 13%', 'Northern Europe 12%', 'Western Europe 12%",42,5000
Yiwu Zipe E-Commerce Firm  ,1,Yiwu,"baby clothing,Baby Girls Dress,Girls Boutique Outfits,boutique girls clothing,', 'Children', ' Clothing Set",North America 98%,44,30000
"Yiwu Mingyou Trading Co., Ltd.  ",1,Yiwu,"Children', ' ', 'clothes', ',Maternity items,Bag","North America 30%', 'Eastern Europe 30%', 'Southern Europe 10%",0,0
"Yiwu Puresun Garment Co., Ltd.  ",1,Yiwu,"Clothing,', 'Child', ' Clothing,Scarf","North America 50.0%', 'South America 30.0%', 'Eastern Europe 10.0%",0,0
"Zhangzhou Henko Trading Co., Ltd.  ",1,Zhangzhou,"baby ', 'clothes', ',baby shoes,kid ', 'clothes', ',kid shoes,boy ', 'clothes","North America 22%', 'South America 13%', 'Western Europe 13%",173,40000
"Jiangxi Mass Garment Co., Ltd.  ",1,Jiangxi,"T-shirt,Polo Shirt,Hoodie,Pants,Tank Top","North America 15%', 'South America 15%', 'Northern Europe 15%",82,640000
"Guangzhou SHH Imp. & Exp. Co., Ltd.  ",1,Guangzhou,"Men's linen T-shirt & shirt,Men's hoodies,Women's sweatshirt,"", ""Children's"", ' T-shirt & ', 'clothes', ' suit,', ""Children's"", ' shoes","North America 30%', 'Southeast Asia 30%', 'Northern Europe 20%",122,20000
"Dongguan Paleo Industrial Co., Ltd.  ",1,Dongguan,"Baby ', 'Children', ' Sweater,Baby Knit Romper,Baby Knit Dress,Baby Clothing Sets,Baby ', 'Children', ' Pants","Domestic Market 40%', 'Oceania 20%', 'North America 20%",66,80000
"Dongguan Han Deng Long Garment Co., Ltd.  ",1,Dongguan,"Sweaters,Hats,Scarves,Knitted Dresses,Woven Garment","North America 50.0%', 'Oceania 20.0%', 'Mid East 10.0%",46,110000
"Yiwu Yawoo Garments Co., Ltd.  ",1,Yiwu,"Pettiskirts,Petti rompers,Petti tops,Petti bloomers,Petti pants",,140,100000
Zhuhai Yingjia Garment Manufactory  ,1,Zhuhai,"Girls' Clothing,Boy's Clothing,Baby Clothing,Infant's Wear,Girls' Dresses","South America 80%', 'North America 20%",0,0
"Wujiang Rainbow Textile Manufacturing Co., Ltd.  ",1,Wujiang,"T Shirts,Hoodies & Sweatshirts,Pillow Case,Cushion,Underwear,Yoga Pant,Beach Shorts","North America 35.0%', 'Western Europe 31.0%', 'Oceania 5.0%",456,60000
"Xiamen Cenxing Import & Export Co., Ltd.  ",1,Xiamen,"cardigan,pants,t shirts,hoodies,school uniform","North America 30%', 'South America 15%', 'Western Europe 15%",135,100000
Shenzhen Baoan Lifu Garment Factory  ,1,Shenzhen,"Women's Clothing,Men's Clothing,Kid's Wear,Bags,Hats","Oceania 15%', 'Western Europe 15%', 'North America 15%",149,20000
"Guangzhou Toturn Trade Co., Ltd.  ",1,Guangzhou,"Men Suit,Printed Blazer,Men Shirt,Polo & T-Shirt,Ties","North America 45%', 'Eastern Europe 35%', 'Western Europe 7%",81,20000
"Yiwu Brillant Trading Co., Ltd.  ",1,Yiwu,"jewelry,', 'clothes', ',bag,toy,shoes","Africa 10%', 'Southern Europe 10%', 'Western Europe 10%",429,50000
Yiwu Lollipop-Professional Garment Factory  ,1,Yiwu,"Baby ', 'clothes', ',baby rompers,Baby pants,Bloomers,Baby tops","North America 65%', 'Western Europe 5%', 'South America 5%",37,8000
"Luan Chengyi Trade Co., Ltd.  ",1,Luan,"shoes,', 'clothes', ',bags,socks,accessories","South America 11%', 'North America 11%', 'Northern Europe 10%",125,10000
"Hangzhou Detex Garments Co., Ltd.  ",1,Hangzhou,Apparel,"Western Europe 75.0%', 'Eastern Europe 10.0%', 'Oceania 5.0%",110,640000
"Yiwu Haozhan Apparel Co., Ltd.  ",1,Yiwu,kids clothing,,0,0
"Shijiazhuang Xiameng Apparel Co., Ltd.  ",1,Shijiazhuang,"baby bibs,baby rompers,girl dresses,Kids T-shirts,Kids pajamas","North America 40%', 'Oceania 15%', 'Western Europe 10%",359,200000
Yiwu City Liangzhe Garment Factory  ,1,Yiwu,"Pettiskirt,T-shirt,Romper,Ballet Tutus,Baby ', 'clothes","North America 50%', 'South America 40%', 'Eastern Europe 10%",33,9000
"Nanchang Xinyayi Clothing Manufacturing Co., Ltd.  ",1,Nanchang,"T-Shirt,Fleece,Sweatshirt,Polo Shirt,', 'Children', ' Wear","North America 30%', 'Southern Europe 10%', 'South Asia 10%",0,0
"Yongkang Kuduo Trade Co., Ltd.  ",1,Yongkang,"children', ' ', 'clothes', ',baby kids ', 'clothes', ',baby sets",,132,20000
"Hefei Beauty International Trading Co., Ltd.  ",1,Hefei,"OEM Ladies clothing,', ""Children's"", "" clothing,Men's clothing,Bags,Shoes","North America 20%', 'Southeast Asia 10%', 'South America 10%",356,60000
Wuxing Zhili Tongbufang Garment Factory  ,1,Wuxing,"kid-clothing,', 'children', ' ', 'clothes', ',', 'children', ' pants,traditional Chinese costumes,Chinese style ', 'clothes","Domestic Market 60%', 'Southeast Asia 20%', 'Mid East 10%",0,0
"Hefei Meshine Trading Co., Ltd.  ",1,Hefei,"children's"", ' ', 'clothes', "",women's "", 'clothes', "",men's "", 'clothes', ',bags,shoes","North America 20%', 'Central America 20%', 'Western Europe 12%",9,5000
"Yiwu City Yiyuan Apparel Co., Ltd.  ",1,Yiwu,"Baby ', 'clothes', ',kids ', 'clothes', ',Hair accessories,Baby shoes,mom and me matching clothing","North America 65%', 'Eastern Europe 10%', 'South America 7%",72,80000
"Huzhou Zhili Jingcheng Apparel Co., Ltd.  ",1,Huzhou,"apparel,apparel stock,dress,Lingerie,wig",,49,10000
"Shenzhen MaRainbow Clothing Co., Ltd.  ",1,Shenzhen,"performance gym training fitness shirts ', 'clothes', ',baseball jerseys,performance fishing shirts garment,fashion streetwear leisure clothing,fitted tracksuits and joggers","North America 35%', 'Eastern Europe 10%', 'Western Europe 10%",339,220000
"Yiwu Ai Qian E-Commerce Co., Ltd.  ",1,Yiwu,"turban,headband,scarf,Fashion scarf,hair cap","North America 50%', 'South America 10%', 'Mid East 9%",27,2000
"Guangzhou Yi Ai Trading Co., Ltd.  ",1,Guangzhou,"girl dress,girl party dress,girl clothing,boy clothing,cosplay costume","North America 60%', 'Eastern Europe 20%', 'Southeast Asia 10%",145,50000
Shanghai Royal Hao Garment Firm  ,1,Shanghai,"children', ' T shirts,girl dresses,', 'children', ' coats,', 'children', ' shirts,trousers&pants","Eastern Europe 15%', 'North America 15%', 'Western Europe 15%",25,1000
"Ningjin County Langrun Clothing Co., Ltd.  ",1,Ningjin,"Children's"", ' wear,', ""Children's"", ' knitwear,', ""Children's"", ' shoes,', ""Children's"", "" hats,Chlidren's bath towel","South Asia 20%', 'Mid East 20%', 'North America 10%",7,300
"Nanchang Yoozze Clothing Co., Ltd.  ",1,Nanchang,"T Shirt,Polo Shirt,Sweatshirt,Sweatpants,Kids Wear","North America 54%', 'Oceania 31%', 'Western Europe 3%",35,630000
"Yiwu Kaiyo Garment Co., Ltd.  ",1,Yiwu,"baby ', 'clothes', ',', 'children', ' ', 'clothes', ',kids ', 'clothes', ',girls dress,pajamas","North America 50%', 'Oceania 10%', 'Western Europe 7%",46,20000
"Guangzhou Kader Garment Co., Ltd.  ",1,Guangzhou,"t shirt,polo shirt,hoodies,stringer vest,pants","North America 20%', 'Northern Europe 20%', 'Western Europe 16%",20,8000
"Jinjiang Jian Er Shoes & Garments Co., Ltd.  ",1,Jinjiang,"bodysuit,romper,infant wear,baby ', 'clothes', ' suit set,baby ', 'clothes', ' gift set","Eastern Asia 67%', 'Southern Europe 13%', 'South America 5%",0,0
"Hefei PHB Trading Co., Ltd.  ",1,Hefei,"baby clothing,', 'children', ' clothing,women clothing,', 'children', ' shoes,women shoes","Western Europe 30%', 'Africa 10%', 'Eastern Europe 10%",64,20000
"Qingdao Fengyi Garment Co., Ltd.  ",1,Qingdao,"pajama sets,robes,lounge wear,romper,nightgown","Northern Europe 10%', 'North America 8%', 'Eastern Europe 8%",138,70000
"FUJIAN FASHION FLYING GARMENTS CO.,LTD.  ",1,FUJIAN,"Softshell Jacket,Performance Jacket,Fleece Jacket,Ski Wear,Workwear","Western Europe 50.0%', 'North America 20.0%', 'Northern Europe 20.0%",22,2200000
"Shenzhen Weiyi Trading Co., Ltd.  ",1,Shenzhen,"girl dress,cosplay costume,elsa anna dress,Halloween cosplay,evening dress","South America 60%', 'North America 50%",116,120000
"Huiyang Tat Kwong Knitting Manufacturing Factory Co., Ltd.  ",1,Huiyang,"Apparel,Cloth,Printing,Knitted Fabric,Clothing","Western Europe 40%', 'Mid East 35%', 'Domestic Market 6%",2,90
Yiwu Sue Lucky Garments Factory  ,1,Yiwu,"pettiskirts,girls outfits,girls dress,girls top,girls pants",,85,50000
Guangzhou Yongfa ,1,Guangzhou,"Baby ', 'Clothes', ',Baby Blanket,Baby Shoes,Baby Socks,Baby Diaper Pants","Southeast Asia 30.0%', 'Africa 20.0%', 'South America 15.0%",121,60000
"Zhangzhou Forwishes Trading Co., Ltd.  ",1,Zhangzhou,"clothing,dresses,baby apparels,shoes,accessories","North America 70%', 'Oceania 10%', 'Western Europe 10%",101,40000
"Zhongshan Baby Love Garment Co., Ltd.  ",1,Zhongshan,"Children's"", ' sleepwear,kids pajamas,girls nightdress,boys underwear,girls underwear","North America 25%', 'Mid East 20%', 'Southeast Asia 20%",0,0
"Yiwu Zhong Lai Commodity Co., Ltd.  ",1,Yiwu,"apron,oven mitt,pot holder,baby bib,', 'clothes","North America 20%', 'South America 20%', 'Western Europe 10%",52,7000
"Zhengzhou Colortex Printing And Dyeing Co., Ltd.  ",1,Zhengzhou,"Fabric,Baby wear,sleeping bag,Blanket,clothing sets in giftboxes","South America 15%', 'North America 15%', 'Southeast Asia 15%",58,8000
"Hangzhou Detex Garments Co., Ltd.  ",1,Hangzhou,Apparel,"Western Europe 75.0%', 'Eastern Europe 10.0%', 'Northern Europe 5.0%",84,310000
"Jiangxi Kingtex Industrial Co., Ltd.  ",1,Jiangxi,"T-Shirts,Polo Shirts,', ""Children's"", ' Clothing,Sweaters","Central America 30%', 'South America 25%', 'Mid East 13%",3,500
"Puning Fashion Fun Trading Co., Ltd.  ",1,Puning,"children', ' characters clothing,', 'children', ' characters shoes,', 'children', ' characters stationery,', 'children', ' characters toys,', 'children', ' characters bags","Western Europe 30%', 'North America 30%', 'Africa 10%",96,30000
VIKY INDUSTRIES  ,1,VIKY,"Martial Arts,Boxing,Sports wears,Army badges and Uniforms accessories,Casual Wears","South America 20%', 'North America 20%', 'Central America 20%",0,0
"Wenzhou Yipu Import & Export Commercial Co., Ltd.  ",1,Wenzhou,"clothing,switch,auto parts","Southeast Asia 1%', 'Eastern Asia 1%', 'Northern Europe 1%",18,6000
"Nanchang Yunmin Knitting Garment Co., Ltd.  ",1,Nanchang,"T-shirts,Polo shirts,Hoodies,Sweatshirts,Pants","North America 29%', 'Eastern Asia 14%', 'Central America 11%",14,8000
"Huzhou Jiashuli Import & Export Co., Ltd.  ",1,Huzhou,"baby clothing,fabric,baby products","Northern Europe 20%', 'Western Europe 20%', 'North America 15%",0,0
"Quanzhou Huoyuan Garment Co., Ltd.  ",1,Quanzhou,"Underwear,Bra,Sleepwear,Baby Romper","Western Europe 60.0%', 'Northern Europe 33.0%', 'North America 3.0%",0,0
"Yiwu Qiqi Garment Co., Ltd.  ",1,Yiwu,"children's"", ' clothing,baby romper,baby dresses,ruffle pants,baby gowns","North America 35%', 'South America 35%', 'Eastern Europe 5%",0,0
"Yiwu Kangdi Garment Co., Ltd.  ",1,Yiwu,"maternity leggings,maternity ', 'clothes', ',baby ', 'clothes', ',beach pants,pp woven bag","South America 20%', 'North America 19%', 'Domestic Market 15%",0,0
"Jiangxi Jiasheng Clothing Co., Ltd.  ",1,Jiangxi,"Women Clothing,Fashion Dresses,Lady Blouses & Tops,Jumpsuits,Junior's Clothing","North America 20%', 'South America 15%', 'Western Europe 10%",22,10000
"Guangzhou Colorful Clothing Co., Ltd.  ",1,Guangzhou,"Election T Shirt,Polo Shirt,Promotion T Shirt,Shirt,Uniforms","Domestic Market 40%', 'Mid East 8%', 'Central America 8%",35,30000
Foshan Chancheng Dilawei Garment Factory  ,1,Foshan,"Kids costume,', 'Children', ' dress,Baby ', 'clothes', ',Child cowboy,', ""Children's"", ' shirt","North America 50%', 'South America 15%', 'Oceania 12%",39,3000
"Ningbo Auning Clothing Co., Ltd.  ",1,Ningbo,"Knitted Garment,Woven Garment","Southeast Asia 16%', 'Oceania 16%', 'Western Europe 16%",0,0
"Yiwu Jieluan Trading Co., Ltd.  ",1,Yiwu,"home decor,jewelry,daily provisions,Car accessories,Clothing & Accessories","North America 13%', 'Northern Europe 11%', 'Eastern Asia 10%",0,0
"Yiwu Blue Home Commodity Co., Ltd.  ",1,Yiwu,"Clothes', ',Party decorations,fashion Accessories,Promotion gift","North America 50%', 'Western Europe 30%', 'South America 10%",188,40000
"Foshan Gaoming Renmei Clothing Co., Ltd.  ",1,Foshan,"Maternity ', 'clothes', ',Sleepwear,Underwear,Baby ', 'clothes","Domestic Market 30%', 'North America 15%', 'South America 15%",2,500
"Xinzeng Industry Co., Ltd.  ",1,Xinzeng,"alumina ball,clothing","North America 30%', 'Southern Europe 15%', 'Western Europe 15%",19,3000
"Xuzhou Gaopeng Toys Co., Ltd.  ",1,Xuzhou,"Gifts & Crafts,Hold pillow,plush toys,Plush Father Christmas Toy,Crane machine toys cheap animal plush toys","North America 35%', 'Mid East 10%', 'Southeast Asia 10%",179,110000
"Yiwu Langge Crafts Co., Ltd.  ",1,Yiwu,"jewelry,hair accessories,bags,scarfs,hats","Central America 20%', 'North America 20%', 'South America 15%",0,0
"Yiwu HaoFei Trade Co., Ltd.  ",1,Yiwu,"Children's"", ' ', 'clothes', "",Women's "", 'clothes', "",Shoes,Weddings,Men's "", 'clothes","North America 30%', 'Oceania 20%', 'Northern Europe 12%",0,0
"Quanzhou Amoy Garments Co., Ltd.  ",1,Quanzhou,"baby ', 'clothes', ',baby bodysuits,baby rompers,swimwear,underwear","Southern Europe 50%', 'North America 10%', 'Mid East 10%",87,20000
"Yiwu Switey Import & Export Co., Ltd.  ",1,Yiwu,"Scarf,Swimsuit,Hat,Fashion,Jewerly","North America 44%', 'Eastern Asia 18%', 'Domestic Market 10%",12,7000
"Nanchang Trising Media Co., Ltd.  ",1,Nanchang,"Apparel,Stationery,Toy,Accessories,Promotion gifts","North America 55%', 'Western Europe 20%', 'Domestic Market 10%",0,0
"Yiwu Kaiya E-Commerence Co., Ltd.  ",1,Yiwu,"baby outfits,baby dress,baby romper,ruffle pant,baby gowns","North America 10%', 'Mid East 10%', 'Africa 10%",112,80000
"Zhengzhou Ledai Trading Co., Ltd.  ",1,Zhengzhou,"scarf,hijab,muslim dress,', 'clothes","North America 35%', 'Northern Europe 20%', 'Africa 10%",56,10000
"Yiwu Toy Time Trading Co., Ltd.  ",1,Yiwu,"Infant & Toddlers Clothing,Girls' Clothing,Boys' Clothing,Hosiery,Fashion Accessories","North America 38%', 'Oceania 12%', 'Southeast Asia 12%",239,30000
"Xi'an Dinaa Import & Export Co., Ltd.  ",1,Xi'an,"Women's "", 'Clothes', ',', ""Children's"", ' ', 'Clothes', "",Women's Fashion Bags,Clutch Wallets,Backpack School Bags","North America 42%', 'Western Europe 41%', 'Eastern Europe 5%",56,9000
"Yiwu City Qing Li Garment Co., Ltd.  ",1,Yiwu,"Pettiskirt,T-shirt,Romper,Ballet Tutus,Baby ', 'clothes","North America 10%', 'South America 10%', 'Southeast Asia 10%",106,30000
"Wenzhou Si Shang Clothing Co., Ltd.  ",1,Wenzhou,"Clothing for baby and ', 'children","Domestic Market 40.0%', 'North America 20.0%', 'Western Europe 20.0%",95,40000
"Shishi Pengfang Garments Co., Ltd.  ",1,Shishi,"Men's Clothing,Women's Clothing,"", 'Childrens', ' Clothing,Outdoor Wear,Beach Wear","Mid East 35%', 'Eastern Europe 15%', 'Oceania 15%",152,20000
"Shanghai Hexuan Baby Products Co., Ltd.  ",1,Shanghai,"muslin wraps,blanket,rompers,socks,shoes","South Asia 20%', 'North America 20%', 'Eastern Europe 15%",62,20000
Foshan Chancheng Beiqiya Garment Factory  ,1,Foshan,"children', ' ', 'clothes",Southeast Asia 100%,0,0
"Guangzhou Dongdan Trade Co., Ltd.  ",1,Guangzhou,"T-shirt,Hoodies&sweatshirts,pants,kids wear,jeans","North America 21%', 'Western Europe 15%', 'Northern Europe 10%",13,4000
"Ningbo Princess And Pea Import And Export Co., Ltd.  ",1,Ningbo,"girls ', 'clothes', ',headband,bow,scarf,doll ', 'clothes","North America 80%', 'Southeast Asia 5%', 'Western Europe 5%",0,0
"Nanchang Hollywin Clothing Co., Ltd.  ",1,Nanchang,"t-shirts,polo shirts,chiilren's "", 'clothes', ',pants,hoodies&sweatshirts","Eastern Asia 30%', 'Mid East 30%', 'Domestic Market 10%",8,40000
"Huaibei Wing Textile (Printing & Dyeing) Co., Ltd.  ",1,Huaibei,"african clothing,african wax cotton,african decorations,handmade decorations,bulk wholesale clothing","North America 30%', 'Africa 25%', 'South America 10%",192,30000
"Zhejiang Xintongxue Garment Co., Ltd.  ",1,Zhejiang,"Kids ', 'clothes', ',Rompers,Baby clothing sets,Kids wear dress,Kids clothing for girls","North America 30%', 'South America 30%', 'Eastern Europe 15%",0,0
"Guangzhou Huanyang Fashion Co., Ltd.  ",1,Guangzhou,"kid clothing,girls dress,girls clothing,boys clothing,other kids products","Southern Europe 15%', 'Western Europe 15%', 'Northern Europe 10%",178,50000
"Anhui Techs-Top Import And Export Trading Co., Ltd.  ",1,Anhui,"Men's&Women's "", 'clothes', ',Scarf,Shoes,Sweaters,Bags","Western Europe 20%', 'Africa 20%', 'North America 20%",236,30000
"Yiwu Jiayi Commodity Co., Ltd.  ",1,Yiwu,"Oven Mitt,tea towel,Apron,Key Chain,Potholder","Northern Europe 26%', 'Western Europe 15%', 'Eastern Asia 10%",116,100000
"Shenzhen Fengyuan Overseas Trading Co., Ltd.  ",1,Shenzhen,"Daily necessities,Textile,Crafts,Accessories,Light","South America 20%', 'Eastern Europe 20%', 'North America 15%",0,0
"Guangzhou Gaoteng Garment Co., Ltd.  ",1,Guangzhou,"girls dress,', 'children', ' jacket,', 'children', ' T-Shirt,', 'children', ' Pants,', 'children', ' Sweater","North America 55%', 'Domestic Market 20%', 'South America 5%",7,140000
HUNG LE TEXTILE GARMENT COMPANY LIMITED  ,1,HUNG,"GIRL SMOCK DRESS,NET FROCK,BABY CLOTH,BOY CLOTH,GIRL DRESS","Mid East 50%', 'South Asia 10%', 'Southeast Asia 10%",0,0
"Yiwu Rynel Garment Co., Ltd.  ",1,Yiwu,"Carnival Costumes,Halloween Costumes,Party Costumes,Cosplay Costumes,Sexy costumes","Western Europe 30%', 'North America 20%', 'Oceania 10%",26,120000
"Zhaoxian Tengxing Plastic Fashion Co., Ltd.  ",1,Zhaoxian,"Raincoat/Rain Poncho,Rain Hood,PVC Film,Safety Vest,Baby Diaper,PE Tent","Western Europe 0.0%', 'North America 0.0%', 'Domestic Market 0.0%",44,80000
"Anhui Sengeya Trade Co., Ltd.  ",1,Anhui,"clothes', ',accessories",,0,0
"Yancheng Yingchang Dress-Printing Co., Ltd.  ",1,Yancheng,"hoodie,adult outwear,', 'children', ' ', 'clothes', ',sportsuit,fabric","Southeast Asia 50%', 'Eastern Europe 40%', 'Domestic Market 10%",0,0
"Yiwu Tongyao Garment Co., Ltd.  ",1,Yiwu,"TUTU,Pettiskirt,Baby ', 'clothes","North America 70%', 'Western Europe 20%', 'Southeast Asia 4%",0,0
"Qingdao Zuoyou Garment Co., Ltd.  ",1,Qingdao,"Sleepwear,Loungewear,Robes","North America 60%', 'Western Europe 15%', 'Eastern Europe 15%",0,0
"Xi'an Changbiyuan E-Commerce Co., Ltd.  ",1,Xi'an,"kids ', 'clothes', ',kids shoes,baby ', 'clothes', ',baby shoes,kids dresses","South America 20%', 'Mid East 20%', 'Eastern Europe 18%",0,0
"Number One Industrial Co., Ltd.  ",1,Number,"Children's"", ' Clothing,Underwear","North America 35%', 'South America 15%', 'Central America 10%",44,60000
"Hefei Nicelee International Trading Co., Ltd.  ",1,Hefei,"women's clothing,baby/"", ""children's"", "" clothing,men's clothing,Shoes,Bags","Western Europe 20%', 'North America 15%', 'Africa 10%",158,20000
"Shenzhen Sveda Technology Co., Ltd.  ",1,Shenzhen,"action figures,', 'clothes', ',cosplay accessories,dolls,Animation products","Northern Europe 25%', 'Eastern Europe 25%', 'North America 15%",0,0
"Qingdao Glamour Garment Co., Ltd.  ",1,Qingdao,"Pajamas,Robes,Nightshirt,Nightgown,Onesie,Maternity Sleepwear","North America 73.0%', 'Western Europe 10.0%', 'Oceania 10.0%",187,280000
"Jinjiang Dadi Garment Co., Ltd.  ",1,Jinjiang,"Fleece Jacket,Sport Suit,PU Jacket","Western Europe 36.0%', 'South America 24.0%', 'North America 20.0%",0,0
"Xi'an Hao Baby Trading Co., Ltd.  ",1,Xi'an,"Women ', 'Clothes', ',Women Shaper,Yoga leggings,Baby ', 'Clothes', ',Women shoes","Africa 30%', 'North America 20%', 'South America 20%",29,10000
"Hangzhou Home Run Import & Export Co., Ltd.  ",1,Hangzhou,"24K Gold Rolling Paper,24K Gold Cone,Glass Filter Tip,Glass Pipe,Rolling Tray","North America 70%', 'Western Europe 20%', 'Eastern Europe 5%",21,8000
Yiwu Huorong Garment Factory  ,1,Yiwu,"Children's"", ' garments,Headwear,Accessories,Shoes,minor ingredient","North America 65%', 'South America 12%', 'Southern Europe 5%",178,70000
"Hangzhou Sporter Garments Co., Ltd.  ",1,Hangzhou,"Cashmere Sweater,Christmas Sweater,Leather Product,Kids Wear","North America 40.0%', 'Western Europe 20.0%', 'Northern Europe 15.0%",55,280000
"Huzhou Zhenyitong Garment Co., Ltd.  ",1,Huzhou,"kids clothing,kids clothing set,girl ', 'clothes","South Asia 5%', 'Eastern Asia 5%', 'Oceania 5%",0,0
"Shenzhen Yali Clothing Co., Ltd.  ",1,Shenzhen,"dress,stock apparel,plus size clothing,creative wear,fashion clothing","Western Europe 30%', 'Central America 20%', 'Northern Europe 10%",0,0
"Yiwu Langdong Trade Co., Ltd.  ",1,Yiwu,"baby ', 'clothes', ',girls ', 'clothes', ',adult ', 'clothes', ',boys ', 'clothes', ',pets ', 'clothes","North America 60%', 'Oceania 20%', 'Western Europe 20%",195,40000
Cangnan Xueya Paper Plastic Package Factory  ,1,Cangnan,"canvas bag,cotton bag,wallet,promotion gifts,kids clothing","North America 50%', 'Northern Europe 15%', 'South America 10%",192,70000
"Yiwu Puresun Garment Co., Ltd.  ",1,Yiwu,Clothing,"North America 50%', 'South America 30%', 'Western Europe 20%",0,0
"Yiwu Cozy Home Textiles Co., Ltd.  ",1,Yiwu,"towel,bathrobe,poncho,romper,mat","Central America 14%', 'Southern Europe 10%', 'Eastern Europe 10%",62,80000
"Quzhou Dora Smile Garment Co., Ltd.  ",1,Quzhou,"boy clothing,baby romper,baby accessories,girls dress,girls sets","North America 90%', 'Western Europe 10%",219,40000
"Jinjiang Young Power Imp & Exp Co., Ltd.  ",1,Jinjiang,"JACKET,HOODIES,SWEATSHIRT,SOCCER JERSEY,T SHIRT","South America 30%', 'Eastern Europe 20%', 'North America 20%",0,0
"Yiwu Zhihao Garment Co., Ltd.  ",1,Yiwu,"TUTUS,PETTIKSIRTS,JULY 4TH ', 'CLOTHES', ',T-SHIRTS,GIRLS DOLL ', 'CLOTHES",,33,10000
"Yiwu Feiniu Trading Co., Ltd.  ",1,Yiwu,"Home textile,Clothing and apparel,Shoes,Luggage and Bags,Toys","North America 45%', 'Western Europe 25%', 'Eastern Europe 15%",0,0
"Ningbo Carmi Garment Co., Ltd.  ",1,Ningbo,"clothing,fabric,garment accessories,curtain,toys","North America 50%', 'Northern Europe 15%', 'Eastern Europe 10%",0,0
"Dongguan Ling Zhi Xiu Garment Co., Ltd.  ",1,Dongguan,"Jacket,Dress,Tops,Pants,Skirt","Oceania 86.0%', 'North America 12.0%', 'Eastern Europe 2.0%",56,40000
"Huzhou Ba Mudi Garment Co., Ltd.  ",1,Huzhou,"Girl's Dress,"", 'Children', ' Clothing Set,', 'Children', ' Outwear","Southeast Asia 0.0%', 'North America 0.0%', 'Mid East 0.0%",8,10000
"Hefei Shali Trade Co., Ltd.  ",1,Hefei,"bags,men shoes,women shoes,kids shoes,women ', 'clothes","North America 11%', 'Western Europe 11%', 'Southern Europe 11%",179,20000
Yiwu Qiaolei Garment Factory  ,1,Yiwu,"girls dresses,girls clothing,baby ', 'clothes', ',kids clothing,leggings","South America 20%', 'Mid East 18%', 'North America 12%",24,10000
"Yiwu Deyu Underwear Co., Ltd.  ",1,Yiwu,"Bra,Panty,T Shirt,', 'Clothes', ',Stock","Eastern Asia 8%', 'Central America 8%', 'Southern Europe 8%",0,0
"Yiwu Bobo Crafts Co., Ltd.  ",1,Yiwu,"Flowers,Headbands,Bows,Sashes,lace Rompers","North America 65%', 'Oceania 15%', 'Western Europe 10%",103,90000
"Guangxi Hengzhihua E-Commerce Co., Ltd.  ",1,Guangxi,"Girls costume,Fancy dress,Princess dress,Kids Swimwear,Baby romper","North America 50%', 'Western Europe 8%', 'Northern Europe 8%",0,0
"Huzhou YishiYuan Clothing Co., Ltd.  ",1,Huzhou,"clothing sets,Jackets,pants,Rompers,dress","Domestic Market 20%', 'South America 17%', 'Northern Europe 15%",45,7000
"Hollee Fashional Co., Ltd.  ",1,Hollee,"Raincoat,Poncho,Work Wear,Jacket,Shower Curtain","North America 20.0%', 'Western Europe 20.0%', 'Africa 10.0%",13,80000
"Yiwu Adorablekids Clothing Co., Ltd.  ",1,Yiwu,"baby outfit,baby pant,baby tops,baby dress,baby bloomer","North America 70%', 'South America 15%', 'Eastern Europe 15%",9,6000
"Dongguan Ryder Clothing Co., Ltd.  ",1,Dongguan,"clothing,household supplies,jewelry,sunglasses,adults","North America 35%', 'Eastern Europe 30%', 'Western Europe 15%",0,0
"Anhui Ouruili Imp. & Exp. Co., Ltd.  ",1,Anhui,"clothes', ',shoes,bags,jewelry,hat","Africa 20%', 'Central America 15%', 'North America 10%",253,30000
"Cangzhou Yuqi International Trade Co., Ltd.  ",1,Cangzhou,"women dress,women jumpsuit,2 or 3 pieces set women clothing,baby ', 'clothes', ',paper cup","Northern Europe 9%', 'Central America 8%', 'North America 8%",0,0
"Yiwu Rand Garment Co., Ltd.  ",1,Yiwu,"Children', ' clothing,Clothing accessories","North America 70.0%', 'Western Europe 15.0%', 'Oceania 15.0%",133,30000
"Fujian Chihosen Trading Co., Ltd.  ",1,Fujian,"baby outfits,baby rompers,women dresses,', 'children', ' ', 'clothes', ',baby dresses","North America 30%', 'Oceania 20%', 'Southeast Asia 10%",203,20000
"Ningbo Jiangbei Princess And Pea Clothing Co., Ltd.  ",1,Ningbo,"kids wear,pettiskirts,crochet hat,leg warmer,bloomer","North America 90%', 'Eastern Europe 5%', 'Northern Europe 5%",13,10000
"Dongguan City Ecoach Apparel Co., Ltd.  ",1,Dongguan,"Apparel(Jacket,T Shirt,Dress,Hoodies,Blouse&Top,Sweatshirts,Joggers,Pregnant Clothing,Swimsuit,Sports Wear,Wetsuit)","North America 50%', 'Southern Europe 15%', 'Southern Europe 15%",111,160000
"Hefei Adorable Garment Co., Ltd.  ",1,Hefei,"kids clothing,infant & toddler clothing,kids shoes,kids accessories,couple&family","Central America 16%', 'North America 15%', 'Southeast Asia 10%",26,7000
"Xiamen Yingjieli Garments Co., Ltd.  ",1,Xiamen,"Ski Wear,Camping & Hiking Wear,Padded Jacket,Vest,Down Vest","North America 83.33%', 'Western Europe 16.67%",23,8000
Yiwu Ruidian Garment Factory  ,1,Yiwu,"girls ', 'clothes', ',pittepants,girls top,baby top romper,girls dress","North America 25%', 'Western Europe 18%', 'Eastern Europe 15%",80,20000
"Foshan Lanzhu Angedi Apparel Co., Ltd.  ",1,Foshan,"T shirt,Polo shirt,Tank top,Hoody,Jersey","North America 20%', 'Western Europe 15%', 'Eastern Europe 12%",2,400
"Yiwu Luanli Garment Co., Ltd.  ",1,Yiwu,"Baby clothing,girl dress,baby outfit,headband,Scarf","North America 80%', 'South America 10%', 'Eastern Europe 3%",10,1000
"Shaoxing Keqiao Geweiya Textile Co., Ltd.  ",1,Shaoxing,"scarf,fabric,curtain,artware,clothing","Eastern Europe 18%', 'North America 14%', 'Domestic Market 13%",91,120000
"Shantou Yuebaoli Industrial Co., Ltd.  ",1,Shantou,"Baby ', 'clothes', ',Baby products","North America 35%', 'Domestic Market 30%', 'Western Europe 15%",0,0
"Hangzhou Guantuo Textile Co., Ltd.  ",1,Hangzhou,"baby ', 'clothes', ',', 'children', ' ', 'clothes', ',baby dress,baby sets,baby outerwear",,0,0
HA FASHION BD  ,1,HA,"Men's Clothing,Women's Clothing,"", 'Children', ' Clothing,Leggings / Pyjama,Socks","Northern Europe 18%', 'Eastern Europe 18%', 'Southern Europe 18%",0,0
DUX APPAREL PTY. LTD.  ,1,DUX,"Motorbike Jeans & Trousers,Motorbike Jackets & Hoodies,Denim Jeans,Trousers,Fashion ', 'Clothes","Oceania 20%', 'Southern Europe 20%', 'Eastern Europe 20%",0,0
"Yiwu Ruitong Clothing Co., Ltd.  ",1,Yiwu,"Children', ' ', 'Clothes', ',kids shoes,hats,Clothing accessories,Socks & Leggings","North America 20%', 'Eastern Europe 20%', 'Eastern Asia 15%",0,0
"Hangzhou Novelty Garment Co., Ltd.  ",1,Hangzhou,"Sweaters,Hats,Scarves,pullover,cardigan","Western Europe 20%', 'North America 17%', 'Northern Europe 14%",0,0
"Guangzhou SOP Garments Co., Ltd.  ",1,Guangzhou,"Garments,', 'Clothes', ',', ""Children's"", ' Garments,Baby ', 'Clothes', ',Women Men ', 'Clothes","North America 30%', 'Eastern Europe 10%', 'Southeast Asia 10%",30,310000
"Guangzhou Liule Garments Co., Ltd.  ",1,Guangzhou,"Casual Dress,T Shirt,Shirt,Coat,Pants","Domestic Market 90.0%', 'North America 6.0%', 'Western Europe 3.0%",49,320000
"Yiwu Luanli Garment Co., Ltd.  ",1,Yiwu,"boutique outfit,dress,romper,gown,pajama","North America 45%', 'South America 30%', 'Eastern Europe 10%",90,30000
Guangzhou Beautiful Used ,1,Guangzhou,"used clothing,used bags,used shoes",,0,0
"Guangzhou Yichi Software Technology Co., Ltd.  ",1,Guangzhou,"mobile phone&accessories,Festive & Party Supplies,Festive & Party Supplies,gifts packaging,hat & scarf","North America 50%', 'Eastern Europe 10%', 'South America 10%",0,0
"Guangzhou Shanlai Trade Co., Ltd.  ",1,Guangzhou,"jeans,polo shirt,business shirt,knitting,T-shirt","North America 20%', 'Western Europe 20%', 'Eastern Europe 15%",164,260000
"Yiwu Xuan Xin Import and Export Co., Ltd.  ",1,Yiwu,"kid clothing,adult clothing,headband /scarf,necklace,hat","North America 3%', 'South America 2%', 'Eastern Europe 1%",0,0
"Xiamen Sportex Trading Co., Ltd.  ",1,Xiamen,"Sportswear,Jacket,Underwear,Swimwear,Running & Cycling Wear","North America 26%', 'Western Europe 25%', 'Oceania 19%",23,60000
"Huzhou Blue Carp Trading Co., Ltd.  ",1,Huzhou,"kids clothing,Sexy lingerie,Furniture cover,Tarp","North America 30%', 'Eastern Europe 20%', 'Mid East 15%",62,10000
"Beijing Newsoon Garments Co., Ltd.  ",1,Beijing,"Sports & Entertainment,Toys & Hobbies,Apparel,Shoes & Accessories,Textiles & Leather Products","Eastern Europe 45%', 'Northern Europe 20%', 'North America 10%",95,40000
Yiwu Xiangguan ,1,Yiwu,"baby shoes,baby sandals,baby boots,baby socks,baby ', 'clothes","North America 20%', 'Southeast Asia 15%', 'Eastern Europe 14%",51,7000
"Jiangxi Kaimei Garment Co., Ltd.  ",1,Jiangxi,"Knit garment,fleece hoodies,sweatshirt,fleece jacket,polo t shirt","Western Europe 16%', 'South America 15%', 'North America 10%",1,9
Shenzhen Runzesen Electronic Commerce Company Limited  ,1,Shenzhen,"household products,', ""children's"", ' garments,', ""children's"", ' shoes","North America 30%', 'South America 30%', 'Southeast Asia 20%",0,0
"Guangzhou Fengrui Clothing Co., Ltd.  ",1,Guangzhou,Sports Wear,"Domestic Market 50%', 'North America 25%', 'South America 14%",210,90000
"Shenzhen Stintop Technology Co., Ltd.  ",1,Shenzhen,"Home&garden,PVC trunking and pipe,dutch bucket,Commercial kitchen equipment,Commercial refrigeration equipment","Northern Europe 20%', 'Eastern Europe 15%', 'Africa 10%",12,10000
NGUYEN KHAI SOLUTION SERVICE TRADING COMPANY LIMITED  ,1,NGUYEN,"Polo Shirt,T-Shirt,Print T-Shirt,Kids T-shirt,Embroidry T-Shirt","Domestic Market 25%', 'Eastern Asia 12%', 'South Asia 10%",0,0
Dongguan Xumuran Garment Limited Company  ,1,Dongguan,"Children's"", ' Clothing (Coat,t-shirt,Shirt,Pants,Dress)","Domestic Market 31.7%', 'North America 30.0%', 'Southeast Asia 10.0%",74,40000
"Dongguan Ziying Garment Co., Ltd.  ",1,Dongguan,"baby ropmer,girls dress/skirt,kids t shirt,kids pants/shorts,kids coat/jackt","Oceania 90%', 'Northern Europe 40%', 'Southern Europe 40%",16,70000
"Hengshui Shuoyang Imp. And Exp. Co., Ltd.  ",1,Hengshui,"Healthcare Series,Body Shapers Series,Sport Series,Maternity & Baby Series,Outdoor Series","Western Europe 16%', 'Southern Europe 13%', 'Northern Europe 12%",242,50000
"Guangzhou Guiyun Clothing Co., Ltd.  ",1,Guangzhou,"rash guard,tights,leggings,compression wear,yoga wear","North America 40%', 'Eastern Europe 20%', 'Western Europe 20%",61,20000
"Yiwu Kapu Clothing Co., Ltd.  ",1,Yiwu,"Baby clothing,baby shoes,pettiskirts,hair accessories,import and export","North America 70%', 'South America 13%', 'Oceania 10%",114,30000
"Nanchang Byval Garment Co., Ltd.  ",1,Nanchang,"T shirt,Polo shirt,Hoodies,Sweater,Tank Top","North America 17%', 'South America 15%', 'Northern Europe 15%",57,180000
"Yiwu Maxine Trading Co., Ltd.  ",1,Yiwu,"Girl ', 'clothes', ',boy ', 'clothes', ',baby ', 'clothes', ',canvas bag,baby ', 'clothes","Southeast Asia 30%', 'North America 20%', 'Central America 10%",0,0
"Guangzhou Meiqiai Garment Co., Ltd.  ",1,Guangzhou,"Girl Party Dress,', 'Children', ' Dress,Cosplay Costume","North America 25.0%', 'Western Europe 20.0%', 'Southeast Asia 20.0%",221,120000
"Guangdong Yihua Technology Co., Ltd.  ",1,Guangdong,"Face Mask,Beauty Tools,Personal Care,Body Care,Make Up",South America 90%,0,0
"Liaocheng Blackant Import And Export Co., Ltd.  ",1,Liaocheng,"Baby Romper,T-shirt,Knitted Jacket","Western Europe 16.0%', 'Eastern Asia 16.0%', 'Domestic Market 16.0%",1,10
"Ningbo General International Trading Co., Ltd.  ",1,Ningbo,Lashing Equipment,"Southeast Asia 15.0%', 'Western Europe 15.0%', 'North America 15.0%",0,0
"Guangzhou Norboe Garment Co., Ltd.  ",1,Guangzhou,"swimwear,bikini,yoga wear,bandage dress,evening dress","North America 70%', 'Central America 5%', 'Eastern Europe 5%",0,0
"Shanghai Luyuan Industrial Co., Ltd.  ",1,Shanghai,"Girls' Clothing,Infant & Toddlers Clothing,Sportswear,Boys' Clothing,Garment Accessories","Western Europe 15%', 'Northern Europe 15%', 'North America 10%",78,30000
Guangzhou Royal Wolf Standard Denim Garment Ltd.  ,1,Guangzhou,"Jeans,Denim Jacket,Gym Pants,Motorcycle Garment,Breeches","North America 25.0%', 'Western Europe 17.0%', 'Southern Europe 13.0%",209,130000
"Wuxi Aifutesi Textiles Co., Ltd.  ",1,Wuxi,"leggings,underwear,stockings,tshirt,Sweater","Southern Europe 22%', 'Western Europe 20%', 'Northern Europe 20%",79,50000
"Shaoxing Dengao Garments Co., Ltd.  ",1,Shaoxing,Clothing,"North America 30.0%', 'Northern Europe 20.0%', 'Western Europe 15.0%",65,340000
"Guangzhou SHH Imp.& Exp. Co., Ltd.  ",1,Guangzhou,"Clothing,Shoe,Bags,Accessories","Mid East 30%', 'North America 30%', 'Southeast Asia 20%",95,30000
"Shenzhen Aibei Trading Co., Ltd.  ",1,Shenzhen,"Girl Dresses,Princess Dresses,Girl Evening Dresses,Baby Girl ', 'Clothes', ',Baby Boy ', 'Clothes","North America 40%', 'Western Europe 20%', 'Mid East 10%",0,0
"Yiwu Laixi E-Commerce Co., Ltd.  ",1,Yiwu,"Women Clothing,Man Clothing,', 'Children', ' Clothing,Women Bags,Man Bags","Southeast Asia 30%', 'North America 23%', 'Western Europe 10%",38,20000
"Quanzhou Kaihui Garment Co., Ltd.  ",1,Quanzhou,"Baby ', 'clothes', ',', ""children's"", ' ', 'clothes', "",boys' "", 'clothes', "",girls' "", 'clothes', ',kids garments","North America 60%', 'Eastern Europe 35%', 'Oceania 5%",0,0
Yiwu Flourish Show E-Commerce Firm  ,1,Yiwu,"Bags,Clothing,Scarf,Jewelry,Fashion accessories","Southeast Asia 14%', 'Africa 14%', 'North America 14%",0,0
Shenzhen DuoDuo Princess ,1,Shenzhen,"children', ' dress,', 'children', ' wedding dress,', 'children', ' casual dress,', 'children', ' dance dress,', 'children', ' tutu dress","Domestic Market 30%', 'North America 11%', 'Northern Europe 10%",90,20000
"Shenzhen XINHUI Clothing Co., Ltd.  ",1,Shenzhen,"T shirts,Sweatshirt & Hoodies,GYM & Sports wear,Caps & Hats,Joggers &Pants","South America 10%', 'Eastern Europe 10%', 'Southeast Asia 10%",179,160000
Goldely Garments Import And Export Inc.  ,1,Goldely,"Mens polo shirt,mens Hoody,mens Polo shirt safety vest,Mens Strip polo,Mens sweater","Southeast Asia 14%', 'Africa 14%', 'Oceania 14%",0,0
Yiwu Queyi Smile Garment Factory  ,1,Yiwu,"100% cotton ruffle pants,kids fashion outfits,cotton japamas,baby soft outfits,kids ruffle dresses","Western Europe 95%', 'Domestic Market 5%",1,200
"Hefei Fatpony Garment Co., Ltd.  ",1,Hefei,"t shirt,hoodies,uniform,textiles,accessaries","Western Europe 30%', 'Africa 20%', 'Eastern Europe 10%",0,0
Guangzhou Dongfan Garment Factory  ,1,Guangzhou,"women clothing,kinds coothing,fashion clothing,Evening Dress","South America 50%', 'Oceania 30%', 'Western Europe 5%",10,3000
"Quanzhou Kaiwei Garments Co., Ltd.  ",1,Quanzhou,"Underwear,T shirt,Sleepwear","Eastern Europe 40.0%', 'Western Europe 20.0%', 'Northern Europe 10.0%",0,0
"Anhui Rookie To Fly E-Commerce Development Co., Ltd.  ",1,Anhui,"Women's "", 'clothes', "",Men's "", 'clothes', ',Fashion accessories,', 'Children', ' ', 'clothes', ',Household",,0,0
"Hefei ZY Trade Co., Ltd.  ",1,Hefei,"men shoes,women shoes,', 'children', ' shoes,', 'clothes', ',accessories","North America 15%', 'Western Europe 12%', 'Mid East 10%",183,40000
"Hefei Chengzhi Trade Co., Ltd.  ",1,Hefei,"Children's"", ' clothing,women clothing,men clothing,bags,shoes",,66,10000
"Shijiazhuang Mayrain Imp/Exp Co., Ltd.  ",1,Shijiazhuang,"rainwear,raincoat,promotion,apron,rainsuit","North America 38%', 'Western Europe 25%', 'Southeast Asia 12%",2,8000
Guangzhou United Honour Enterprises Ltd.  ,1,Guangzhou,"Leather Belt,Bags","Eastern Europe 85%', 'North America 10%', 'South America 2%",0,0
"Guangzhou Yingcai Clothing Co., Ltd.  ",1,Guangzhou,"Clothes', ',Kids ', 'Clothes', ',Women ', 'Clothes', ',Men ', 'Clothes', ',Baby ', 'Clothes","North America 30%', 'Western Europe 10%', 'Central America 10%",32,10000
Yiwu Shunhai Garment Factory  ,1,Yiwu,"Children', ' ', 'clothes', ',kid garment,girl ', 'clothes', ',boy ', 'clothes', ',', 'children', ' garment","Western Europe 25%', 'North America 20%', 'Eastern Europe 10%",0,0
"Xi'an Everglam Garments Co., Ltd.  ",1,Xi'an,"Children's"", "" clothing,Women's clothing,Men's clothing,Underwear,leatherware","North America 30%', 'Eastern Asia 20%', 'Eastern Europe 20%",0,0
"Shenzhen Dongfan Garment & Accessories Co., Ltd.  ",1,Shenzhen,"female garment,kid's garment,fabric,accessories",,0,0
"Zhangjiagang Shuofeng Textile Co., Ltd.  ",1,Zhangjiagang,"clothing,fabric,bags,hats","North America 30%', 'Northern Europe 30%', 'Southeast Asia 20%",52,400000
"Guangzhou Grassroots Garment Co., Ltd.  ",1,Guangzhou,"T-shirt,Uniform,Hoodies,Jacket,Sports Wear","Domestic Market 45%', 'North America 17%', 'Africa 12%",0,0
"Guangzhou Ifree Dress Co., Ltd.  ",1,Guangzhou,"dress,bandage dress,evening dress,fashion bandage dress","Western Europe 60%', 'Northern Europe 30%', 'Southeast Asia 5%",24,7000
"Anhui Spring Import & Export Trade Co., Ltd.  ",1,Anhui,"clothing,shoes,bags,accessories","North America 20%', 'Western Europe 12%', 'Oceania 10%",106,10000
"Bazhou Taimei Apparel Co., Ltd.  ",1,Bazhou,"boys' suit,boys' blazer,men's suit,men's jacket","South America 30%', 'Mid East 20%', 'North America 20%",24,100000
"Yiwu Yifan Garment Co., Ltd.  ",1,Yiwu,"children', ' outfits,', 'children', ' dresses,', 'children', ' t-shirts,', 'children', ' pants,', 'children', ' accessories",,107,70000
TRIMASS FASHION  ,1,TRIMASS,"T-Shirt,Polo Shirt,Padding Jacket,Sweater,Woven Pant","Western Europe 40%', 'Oceania 25%', 'North America 20%",0,0
"Anhui Xinrong Imp.& Exp. Co., Ltd.  ",1,Anhui,"bags,shoes,', 'clothes', ',accessories,socks","Africa 12%', 'North America 10%', 'Central America 10%",251,30000
ELEGANT SPORTS  ,1,ELEGANT,"Sports Wears,Boxing Equipments,Martial ArtsEquipments,Sports goods","Eastern Europe 40%', 'North America 30%', 'Southern Europe 20%",0,0
"Dongguan Jisen Fashion Co., Ltd.  ",1,Dongguan,"kids dress,', 'children', ' pajamas,baby outfits,baby bubbles,lady ruffle pants","North America 43%', 'Oceania 30%', 'Northern Europe 5%",0,0
Shishi Zhengfeng Yangming Clothing Store  ,1,Shishi,"down vest,Cotton-padded ', 'clothes', ',Faux down coat","Southeast Asia 10%', 'Eastern Europe 10%', 'South America 10%",0,0
"Hebei Jinyi Clothing Co., Ltd.  ",1,Hebei,Baby Clothing,"Domestic Market 80.0%', 'Africa 4.0%', 'Southeast Asia 3.0%",0,0
"Hangzhou Wonder Import And Export Co., Ltd.  ",1,Hangzhou,"Luggage,Diaper Bag,Baby Carrier,Bags & Cases,baby ', 'Clothes","Eastern Europe 30%', 'Western Europe 20%', 'Northern Europe 20%",192,100000
"Cheeri Industrial (Shenzhen) Co., Ltd.  ",1,Cheeri,baby products,,83,50000
"Jiangxi Hengjing Clothing Co., Ltd.  ",1,Jiangxi,"t shirt,hoody&swearshirt,polo shirt,pants,tank top","North America 30%', 'South America 20%', 'Eastern Europe 15%",0,0
"Shenzhen GreatBuy Technology Co., Ltd.  ",1,Shenzhen,"toy,battery,light,outdoor,indoor","Africa 15%', 'Eastern Europe 15%', 'North America 12%",74,20000
"Wuxi Sunrise Textile Co., Ltd.  ",1,Wuxi,"waterproof fabric,fire retardant fabric,functional fabric,Apparel,outdoor Jacket","Eastern Europe 30%', 'South America 20%', 'North America 20%",0,0
"Wuhan Happydodo Trading Co., Ltd.  ",1,Wuhan,"Theme of tableware,Birthday candles,Birthday toy,Party bags",,4,200
"Hangzhou Lozo Commerce And Trade Co., Ltd.  ",1,Hangzhou,"Children's"", ' Clothing","North America 60.0%', 'Eastern Asia 15.0%', 'Domestic Market 15.0%",46,6000
"Hefei Fengsida Trading Co., Ltd.  ",1,Hefei,"Socks,Baby Supplies,Hats,School Supplies,Toys","South America 15%', 'North America 15%', 'Southeast Asia 15%",143,30000
"Yiwu Ehi Garment Co., Ltd.  ",1,Yiwu,"children', ' ', 'clothes', ',kids ', 'clothes', ',baby ', 'clothes', ',', 'children', ' outfit /dress,baby outfit /dress","North America 30%', 'Central America 10%', 'Oceania 10%",0,0
"Nanjing Hengrunsheng International Trading Co., Ltd.  ",1,Nanjing,"KIDS SWEATER,GIRLS DRESS,WOMEN SWEATER,MEN SWEATER,T-shirt","North America 30%', 'Eastern Europe 25%', 'Eastern Asia 10%",8,6000
"Quanzhou Licheng District Watson Trading Co., Ltd.  ",1,Quanzhou,"swimwear,', ""children's"", ' wear,underwear,baby wear,denim","South America 10%', 'Southeast Asia 10%', 'Western Europe 10%",9,8000
"Yueyang Forward Fashion Accessories Co., Ltd.  ",1,Yueyang,"women clothing,man clothing,sportswear,kids ', 'clothes', ',jewelries","North America 60%', 'Oceania 10%', 'Western Europe 6%",66,10000
"Jiangxi Fangda Clothing Co., Ltd.  ",1,Jiangxi,"t shirt,hoodies,polo shirt,vest,Group suit","North America 13%', 'South America 10%', 'Eastern Asia 9%",71,50000
Xiamen Yiju Garments Inc.  ,1,Xiamen,"Underwear,Sprots wear,Sleepwear,swimwear","Eastern Europe 40%', 'Northern Europe 30%', 'Oceania 10%",66,80000
"Fuzhou Yuanteng Network Technology Co., Ltd.  ",1,Fuzhou,"children's"", ' garments,adult clothing,baby ', 'clothes', ',Printing paper,Water Decal Paper","Eastern Europe 20%', 'North America 20%', 'Southern Europe 10%",97,10000
"Taizhou Rugic Import & Export Co., Ltd.  ",1,Taizhou,"bathrobe,blanket,towel,laundry bag,hotel slipper","Western Europe 40%', 'Eastern Europe 16%', 'North America 15%",59,120000
"Number One Industrial Co., Ltd.  ",1,Number,"baby ', 'clothes', ',kids ', 'clothes', ',swimwear,diaper bag,school bag","Southeast Asia 60%', 'North America 30%', 'Northern Europe 10%",440,60000
"Yiwu Saichen Import And Export Co., Ltd.  ",1,Yiwu,"Umbrella,Bags,Baby products,garment,hanger",,345,260000
"Guangzhou Feiming Industrial Co., Limited  ",1,Guangzhou,"Baby ', 'clothes', ',romper,girls dress,kids ', 'clothes', ',', ""Children's"", ' Clothing Sets","Oceania 27%', 'North America 17%', 'South America 12%",71,60000
"Shaoxing Jinlong Textile Co., Ltd.  ",1,Shaoxing,"Textile fabrics,baby muslin swaddle,Home textile,blanket,tablecloth","North America 26%', 'South America 21%', 'Eastern Europe 20%",38,70000
"Jiaxing Jingtong Garment Co., Ltd.  ",1,Jiaxing,"Clothing,knitted goods,Shoes and hats,Toys,Bags","North America 30%', 'Eastern Europe 30%', 'Africa 15%",0,0
Yiwu Kana E-Commerce Firm  ,1,Yiwu,"keychain,', 'clothes', ',accessories,baby products,bags","North America 70%', 'Eastern Europe 28%', 'South America 2%",49,8000
Yiwu Shenglan E-C Firm  ,1,Yiwu,"ballet,tutu,party products,shoes,', 'clothes","North America 50%', 'Western Europe 10%', 'South America 10%",29,9000
"Yiwu Poshprincess Garment Co., Ltd.  ",1,Yiwu,"Children's"", ' Clothing,Kids Hair Accessories,Baby Moccasins,Bubblegum Necklace","North America 80%', 'Western Europe 10%', 'Eastern Europe 5%",26,10000
Foshan City Nanhai District Guicheng Xinde Garment Factory  ,1,Foshan,"Baby Crawling Suit,Girls Dress,Parent and ', 'Child', ' Clothing,', ""Children's"", ' T Shirt,Boy Jeans","Southeast Asia 25.0%', 'Africa 10.0%', 'Mid East 10.0%",0,0
"Jiangxi Brother Garment Co., Ltd.  ",1,Jiangxi,"Men's shirt,Polo Shirt,Womens Hoodies,Tank tops,Pants&Joggers","Eastern Europe 15%', 'North America 15%', 'South America 15%",30,20000
TRACKTEE SPORTS  ,1,TRACKTEE,"Track Suits,T-Shirts,Polo Shorts,Shorts,Leggy","Eastern Europe 30%', 'Western Europe 30%', 'Northern Europe 20%",0,0
"Shenzhen JDB Technology Co., Ltd.  ",1,Shenzhen,"Jewelry,Fashion Necklace,Jewelry Finding,Bracelets,Earrings","North America 20%', 'Northern Europe 20%', 'Western Europe 15%",0,0
"Fuzhou Heska Garment Co., Ltd.  ",1,Fuzhou,"Workwear,Outdoor wear","Northern Europe 20%', 'North America 20%', 'South America 20%",18,1100000
"Henan Runduo Garments Co., Ltd.  ",1,Henan,"baby romper,newborn ', 'clothes', ',kid dress,blanket,baby shoes","North America 38%', 'Western Europe 15%', 'Eastern Europe 15%",54,40000
"Shanghai Powertec Industry Co., Ltd.  ",1,Shanghai,"Men wear,Women wear,Kids wear,Fabric,Uniforms","North America 15%', 'Northern Europe 10%', 'Central America 10%",230,10000
"Shenzhen Hobbywin Technology Co., Ltd.  ",1,Shenzhen,"Toy Hobby,Home Garden,Lipo Battery,Outdoor,Electronic","Western Europe 20%', 'North America 20%', 'Eastern Europe 10%",131,80000
"Yiwu Changjie Trading Co., Ltd.  ",1,Yiwu,"Decorations,toys,bags,shoes,office supplies","North America 39%', 'Western Europe 31%', 'Northern Europe 6%",211,60000
"Yiwu Changyi Garment Co., Ltd.  ",1,Yiwu,"Apparel,women yoga tops,kids leggings,kids tops","North America 60%', 'South America 30%', 'Central America 5%",126,50000
"Hangzhou Jinai Apparel Co., Ltd.  ",1,Hangzhou,Kids Clothing,Domestic Market 100.0%,0,0
Shenzhen All Smilings Technology Ltd.  ,1,Shenzhen,"Baby Shoes,Kids shoes,', 'Clothes', ',Women accessories,Toys","Northern Europe 30%', 'North America 25%', 'Southeast Asia 20%",108,70000
"Jinhua Saint Peter Clothing Co., Ltd.  ",1,Jinhua,"seamless umderwear,', 'Children', "" garment,Women garments,Mne's garments,sport wear","North America 70%', 'South America 10%', 'Eastern Asia 5%",0,0
"Dongguan City Wanshi Garment Co., Ltd.  ",1,Dongguan,"islamic clothing,women casual clothing,t-shirt,pants&skirt","Southeast Asia 50%', 'North America 30%', 'Western Europe 10%",3,200
Guangzhou Marshal ,1,Guangzhou,"Soccer Jersey,Basketball Jersey,Sport Tracksuits,Windbreaker","Domestic Market 50.0%', 'North America 25.0%', 'Western Europe 10.0%",338,340000
"Shenzhen Qusart Technology Co., Ltd.  ",1,Shenzhen,"LED,Li-po Battery,Apparel,Electronic,Pet Product","North America 10%', 'Western Europe 10%', 'Eastern Europe 10%",40,10000
"Quanzhou Jinyi Trading Co., Ltd.  ",1,Quanzhou,"clothes', ',garments,baby ', 'clothes', ',kids ', 'clothes', ',', 'children', ' ', 'clothes","North America 10%', 'Mid East 10%', 'South America 10%",6,1000
Yiwu Kaiyaya Clothing Factory  ,1,Yiwu,"Baby ', 'clothes', ',Girl boutique set,Girl dress,', ""Children's"", ' holiday ', 'clothes', ',Baby Rompers",,0,0
"Guangzhou Chengmihang E-Business Co., Ltd.  ",1,Guangzhou,"Women's "", 'clothes', "",Men's clothing,"", ""Children's"", ' ', 'clothes', ',Swimwear,Sportswear",,0,0
"Fashion (Jiangxi) Imp. & Exp. Co., Ltd.  ",1,Fashion,"apparel,gift,bag,cap,umbrella","North America 22%', 'Western Europe 15%', 'Eastern Europe 15%",205,300000
"Hefei Smile Import & Export Trade Co., Ltd.  ",1,Hefei,"clothing,shoes,bags,accessories","North America 20%', 'Oceania 18%', 'Western Europe 14%",257,80000
"Yiwu Xuanliu Arts And Crafts Co., Ltd.  ",1,Yiwu,"Toys,squishy toys,squishy,balloon,bracelet","Western Europe 30%', 'North America 20%', 'Southern Europe 10%",250,70000
Dongguan Huaduo Apparel Limited Company  ,1,Dongguan,"new born clothing,baby girls ', 'clothes', ',baby boys ', 'clothes', ',', 'children', ' clothing,kids ', 'clothes","Oceania 20%', 'Western Europe 15%', 'Eastern Europe 15%",97,80000
"Guangzhou Lai Wei Na Clothing Co., Ltd.  ",1,Guangzhou,"Girls dress,The little girl dresses,', 'Children', ' dress,Female ', 'children', ' dress,Little fairy dress","Mid East 50%', 'South America 10%', 'Southeast Asia 10%",2,3000
"Suzhou Fanweimei Garment Co., Ltd.  ",1,Suzhou,"Wedding Dress,Evening Dress","Domestic Market 82.0%', 'North America 10.0%', 'Western Europe 8.0%",146,20000
"Yiwu Yatu Trading Co., Ltd.  ",1,Yiwu,"Accessories,Clothing,Shoes,Toys,Outdoor Products","North America 22%', 'South America 11%', 'Eastern Europe 10%",0,0
"Yiwu Baoshilei Knitting Lace Co., Ltd.  ",1,Yiwu,"Lace,sexy lingerie,scarf,Lace fabric,lace trim","North America 20%', 'Western Europe 10%', 'Eastern Asia 10%",61,10000
"Guangzhou Lang Ai Fashion Co., Ltd.  ",1,Guangzhou,"Girl Dress,Tutu Skirt and Dress,', 'Children', ' Clothing,Baby ', 'Clothes', ',Clothing Accessories","North America 60%', 'Eastern Europe 10%', 'Southeast Asia 10%",144,30000
"Zhejiang Nanbei Trading Co., Ltd.  ",1,Zhejiang,"PACKING RODUCT,WOOD PRODUCT,LEATHER PRODUCT,DAILY SIPPLIES,HOTEL PRODUCT","Western Europe 26%', 'North America 24%', 'Eastern Europe 12%",248,70000
"Guangzhou Jenny Textile Co., Ltd.  ",1,Guangzhou,"Hawaiian Shirt,Beach Shorts,T Shirts,Windbreaker,Women Dress","North America 45.0%', 'Western Europe 27.0%', 'Oceania 10.0%",64,110000
"Jinjiang Janefun Garment Weaving Co., Ltd.  ",1,Jinjiang,"T-shirt,Polo shirts,hoodies,kitted garments,pajamas","Western Europe 10%', 'North America 10%', 'Southern Europe 10%",14,5000
"Shenzhen Yannisfashion Commerce Co., Ltd.  ",1,Shenzhen,"women clothing,sexy lingerie,Women underwear,swimwear,garment accessories","South America 16%', 'South Asia 15%', 'Eastern Europe 14%",953,160000
"Foshan City Beisitop Trading Co., Ltd.  ",1,Foshan,"kids clothing,baby moccasins,infant ', 'clothes', ',baby girl party dress,kids clothing set","Western Europe 20%', 'Northern Europe 20%', 'North America 20%",0,0
"Zhejiang Family Union Apparel Group Co., Ltd.  ",1,Zhejiang,"Clothing,Shoes,Caps&Hats,Toys,Knit article","North America 20%', 'Africa 10%', 'Southeast Asia 10%",0,0
Guangzhou New Apparel Trade Company Limited  ,1,Guangzhou,"Clothing,socks,beanies,caps","Central America 30%', 'North America 20%', 'Eastern Europe 15%",216,160000
