category1,category2,industry_Type,attribute_Type,attribute_Name,purchaseIndex,supplyIndex,crawl_Time
童装,儿童袜,热门基础属性,适合季节,秋季,"229,890","62,372",2019-10-08 21:45:52
童装,儿童袜,热门基础属性,适合季节,春季,"174,872","56,523",2019-10-08 21:45:52
童装,儿童袜,热门基础属性,适合季节,冬季,"165,910","48,219",2019-10-08 21:45:52
童装,儿童袜,热门基础属性,适合季节,春秋,"113,674","80,131",2019-10-08 21:45:52
童装,儿童袜,热门基础属性,适合季节,夏季,"98,008","63,266",2019-10-08 21:45:52
童装,童打底裤,热门基础属性,裤长,长裤,"25,656","7,715",2019-10-08 21:45:52
童装,童打底裤,热门基础属性,裤长,九分裤,"3,162","7,998",2019-10-08 21:45:52
童装,童打底裤,热门基础属性,裤长,踩脚裤,"1,263",494,2019-10-08 21:45:52
童装,童打底裤,热门基础属性,裤长,七分裤,577,309,2019-10-08 21:45:52
童装,童打底裤,热门基础属性,裤长,三分裤/安全裤,147,157,2019-10-08 21:45:52
童装,童衬衫,热门基础属性,袖长,长袖,"88,626","59,571",2019-10-08 21:45:52
童装,童衬衫,热门基础属性,袖长,短袖,"4,414","6,866",2019-10-08 21:45:52
童装,童衬衫,热门基础属性,袖长,九分,779,361,2019-10-08 21:45:52
童装,童衬衫,热门基础属性,袖长,无袖,704,"2,493",2019-10-08 21:45:52
童装,童衬衫,热门基础属性,袖长,五分袖/中袖,198,145,2019-10-08 21:45:52
童装,儿童防晒衣/皮肤衣,热门基础属性,适用性别,中性,"3,371","2,780",2019-10-08 21:45:52
童装,儿童防晒衣/皮肤衣,热门基础属性,适用性别,女童,"1,112","1,683",2019-10-08 21:45:52
童装,儿童防晒衣/皮肤衣,热门基础属性,适用性别,男童,303,688,2019-10-08 21:45:52
童装,儿童防晒衣/皮肤衣,热门基础属性,适用性别,中性/男女均可,245,76,2019-10-08 21:45:52
童装,儿童内衣内裤,热门基础属性,适用性别,儿童通用,648,233,2019-10-08 21:45:52
童装,儿童内衣内裤,热门基础属性,适用性别,男童,179,41,2019-10-08 21:45:52
童装,儿童内衣内裤,热门基础属性,适用性别,女童,52,29,2019-10-08 21:45:52
童装,童毛衣,热门基础属性,风格,韩版,"191,400","54,204",2019-10-08 21:45:52
童装,童毛衣,热门基础属性,风格,欧美,"25,814","5,624",2019-10-08 21:45:52
童装,童毛衣,热门基础属性,风格,休闲,"21,402","8,724",2019-10-08 21:45:52
童装,童毛衣,热门基础属性,风格,百搭,"16,301","5,718",2019-10-08 21:45:52
童装,童毛衣,热门基础属性,风格,甜美,"8,210","1,899",2019-10-08 21:45:52
童装,童表演服/舞蹈服/摄影服,热门基础属性,适用性别,中性/男女均可,"53,432","65,133",2019-10-08 21:45:52
童装,童表演服/舞蹈服/摄影服,热门基础属性,适用性别,中性,539,355,2019-10-08 21:45:52
童装,童表演服/舞蹈服/摄影服,热门基础属性,适用性别,儿童,6,1,2019-10-08 21:45:52
童装,童表演服/舞蹈服/摄影服,热门基础属性,适用性别,女童,6,2,2019-10-08 21:45:52
童装,连身衣、爬服,热门基础属性,袖长,长袖,"299,155","91,459",2019-10-08 21:45:52
童装,连身衣、爬服,热门基础属性,袖长,短袖,"45,215","39,447",2019-10-08 21:45:52
童装,连身衣、爬服,热门基础属性,袖长,无袖,"25,432","22,174",2019-10-08 21:45:52
童装,童打底衫,热门基础属性,袖长,长袖,"37,592","11,303",2019-10-08 21:45:52
童装,童打底衫,热门基础属性,袖长,短袖,228,287,2019-10-08 21:45:52
童装,童打底衫,热门基础属性,袖长,无袖,205,109,2019-10-08 21:45:52
童装,童打底衫,热门基础属性,袖长,九分袖,86,58,2019-10-08 21:45:52
童装,童打底衫,热门基础属性,袖长,七分袖,53,44,2019-10-08 21:45:52
童装,亲子装,热门基础属性,适用人群,家庭装,"88,834","34,556",2019-10-08 21:45:52
童装,亲子装,热门基础属性,适用人群,母女装,"35,907","22,789",2019-10-08 21:45:52
童装,亲子装,热门基础属性,适用人群,母子装,"4,157","3,146",2019-10-08 21:45:52
童装,亲子装,热门基础属性,适用人群,父子装,836,756,2019-10-08 21:45:52
童装,亲子装,热门基础属性,适用人群,父女装,96,83,2019-10-08 21:45:52
童装,童裤,热门基础属性,裤长,长裤,"532,783","260,186",2019-10-08 21:45:52
童装,童裤,热门基础属性,裤长,九分裤,"30,501","23,192",2019-10-08 21:45:52
童装,童裤,热门基础属性,裤长,短裤,"23,546","32,508",2019-10-08 21:45:52
童装,童裤,热门基础属性,裤长,五分裤/中裤,"10,113","18,389",2019-10-08 21:45:52
童装,童裤,热门基础属性,裤长,七分裤,"9,169","14,814",2019-10-08 21:45:52
童装,童背心/吊带衫,热门基础属性,适合季节,夏季,"9,849","8,369",2019-10-08 21:45:52
童装,童背心/吊带衫,热门基础属性,适合季节,秋季,"7,200","2,774",2019-10-08 21:45:52
童装,童背心/吊带衫,热门基础属性,适合季节,冬季,"5,713","1,998",2019-10-08 21:45:52
童装,童背心/吊带衫,热门基础属性,适合季节,春季,"4,908","2,521",2019-10-08 21:45:52
童装,童背心/吊带衫,热门基础属性,适合季节,春秋,"3,476","1,490",2019-10-08 21:45:52
童装,童T恤,热门基础属性,袖长,长袖,"185,802","83,980",2019-10-08 21:45:52
童装,童T恤,热门基础属性,袖长,短袖,"94,625","121,930",2019-10-08 21:45:52
童装,童T恤,热门基础属性,袖长,无袖,"3,474","6,313",2019-10-08 21:45:52
童装,童T恤,热门基础属性,袖长,五分袖/中袖,"1,401","1,091",2019-10-08 21:45:52
童装,童T恤,热门基础属性,袖长,七分,"1,057",791,2019-10-08 21:45:52
童装,童马甲,热门基础属性,适合季节,冬季,"66,300","17,324",2019-10-08 21:45:52
童装,童马甲,热门基础属性,适合季节,秋季,"62,192","14,368",2019-10-08 21:45:52
童装,童马甲,热门基础属性,适合季节,春秋,"28,910","14,519",2019-10-08 21:45:52
童装,童马甲,热门基础属性,适合季节,春季,"28,280","7,920",2019-10-08 21:45:52
童装,童马甲,热门基础属性,适合季节,夏季,"2,601","1,050",2019-10-08 21:45:52
童装,童家居服,热门基础属性,适合季节,秋季,"83,335","21,778",2019-10-08 21:45:52
童装,童家居服,热门基础属性,适合季节,冬季,"65,333","19,441",2019-10-08 21:45:52
童装,童家居服,热门基础属性,适合季节,春季,"59,073","18,044",2019-10-08 21:45:52
童装,童家居服,热门基础属性,适合季节,春秋,"47,681","20,454",2019-10-08 21:45:52
童装,童家居服,热门基础属性,适合季节,夏季,"31,023","26,538",2019-10-08 21:45:52
童装,童礼服,热门基础属性,元素,公主,"84,373","22,104",2019-10-08 21:45:52
童装,童礼服,热门基础属性,元素,网纱,"50,480","8,488",2019-10-08 21:45:52
童装,童礼服,热门基础属性,元素,欧美,"38,093","6,256",2019-10-08 21:45:52
童装,童礼服,热门基础属性,元素,蕾丝,"27,133","5,357",2019-10-08 21:45:52
童装,童礼服,热门基础属性,元素,套装,"5,720","4,385",2019-10-08 21:45:52
童装,童棉衣,热门基础属性,适合季节,冬季,"151,769","38,187",2019-10-08 21:45:52
童装,童棉衣,热门基础属性,适合季节,秋季,"56,609","12,217",2019-10-08 21:45:52
童装,童棉衣,热门基础属性,适合季节,春秋,"18,675","5,963",2019-10-08 21:45:52
童装,童棉衣,热门基础属性,适合季节,不限季节,"2,950",829,2019-10-08 21:45:52
童装,童棉衣,热门基础属性,适合季节,夏季,"1,853","2,347",2019-10-08 21:45:52
童装,童牛仔服,热门基础属性,风格,韩版,"8,488","3,682",2019-10-08 21:45:52
童装,童牛仔服,热门基础属性,风格,休闲,"1,416",678,2019-10-08 21:45:52
童装,童牛仔服,热门基础属性,风格,欧美,705,316,2019-10-08 21:45:52
童装,童牛仔服,热门基础属性,风格,百搭,379,253,2019-10-08 21:45:52
童装,童牛仔服,热门基础属性,风格,个性,137,58,2019-10-08 21:45:52
童装,童披风/斗蓬,热门基础属性,适合季节,秋季,"9,670","1,402",2019-10-08 21:45:52
童装,童披风/斗蓬,热门基础属性,适合季节,冬季,"8,738","1,375",2019-10-08 21:45:52
童装,童披风/斗蓬,热门基础属性,适合季节,春季,"5,353",838,2019-10-08 21:45:52
童装,童披风/斗蓬,热门基础属性,适合季节,春秋,"5,291",705,2019-10-08 21:45:52
童装,童披风/斗蓬,热门基础属性,适合季节,夏季,"1,752",419,2019-10-08 21:45:52
童装,童皮衣,热门基础属性,适合季节,秋季,"5,725","1,429",2019-10-08 21:45:52
童装,童皮衣,热门基础属性,适合季节,冬季,"4,565","1,122",2019-10-08 21:45:52
童装,童皮衣,热门基础属性,适合季节,春秋,"4,469",990,2019-10-08 21:45:52
童装,童皮衣,热门基础属性,适合季节,春季,"3,905",797,2019-10-08 21:45:52
童装,童皮衣,热门基础属性,适合季节,夏季,99,38,2019-10-08 21:45:52
童装,童皮草/皮毛一体,热门基础属性,适合季节,冬季,"8,350","2,002",2019-10-08 21:45:52
童装,童皮草/皮毛一体,热门基础属性,适合季节,秋季,"6,204","1,332",2019-10-08 21:45:52
童装,童皮草/皮毛一体,热门基础属性,适合季节,春季,"2,653",556,2019-10-08 21:45:52
童装,童旗袍/唐装/民族服装,热门基础属性,厚薄,普通,"48,676","20,416",2019-10-08 21:45:52
童装,童旗袍/唐装/民族服装,热门基础属性,厚薄,薄款,"10,747","8,392",2019-10-08 21:45:52
童装,童旗袍/唐装/民族服装,热门基础属性,厚薄,加厚,"10,232","3,740",2019-10-08 21:45:52
童装,童旗袍/唐装/民族服装,热门基础属性,厚薄,抓绒,760,"1,421",2019-10-08 21:45:52
童装,童套装,热门基础属性,套装件数,两件套,"880,959","458,593",2019-10-08 21:45:52
童装,童套装,热门基础属性,套装件数,三件套,"134,309","54,875",2019-10-08 21:45:52
童装,童套装,热门基础属性,套装件数,多件套,"37,476","208,732",2019-10-08 21:45:52
童装,童装加工定制,热门基础属性,加工方式,来样加工,"2,722","2,350",2019-10-08 21:45:52
童装,童装加工定制,热门基础属性,加工方式,贴牌加工,"2,592","2,216",2019-10-08 21:45:52
童装,童装加工定制,热门基础属性,加工方式,来图加工,"2,529","2,163",2019-10-08 21:45:52
童装,童卫衣,热门基础属性,袖长,长袖,"291,667","91,345",2019-10-08 21:45:52
童装,童卫衣,热门基础属性,袖长,短袖,720,428,2019-10-08 21:45:52
童装,童卫衣,热门基础属性,袖长,无袖,372,308,2019-10-08 21:45:52
童装,童卫衣,热门基础属性,袖长,九分,370,150,2019-10-08 21:45:52
童装,童卫衣,热门基础属性,袖长,七分,79,88,2019-10-08 21:45:52
童装,童裙,热门基础属性,裙类别,连衣裙,"524,048","238,563",2019-10-08 21:45:53
童装,童裙,热门基础属性,裙类别,半身裙,"37,521","17,957",2019-10-08 21:45:53
童装,童裙,热门基础属性,裙类别,吊带裙/背心裙,"21,348","18,117",2019-10-08 21:45:53
童装,童裙,热门基础属性,裙类别,裙衫,"6,465","12,110",2019-10-08 21:45:53
童装,童裙,热门基础属性,裙类别,背带裙,"6,022","6,384",2019-10-08 21:45:53
童装,童外套/夹克/大衣,热门基础属性,风格,韩版,"321,571","129,706",2019-10-08 21:45:53
童装,童外套/夹克/大衣,热门基础属性,风格,休闲,"56,585","35,404",2019-10-08 21:45:53
童装,童外套/夹克/大衣,热门基础属性,风格,欧美,"32,209","9,968",2019-10-08 21:45:53
童装,童外套/夹克/大衣,热门基础属性,风格,百搭,"10,388","5,983",2019-10-08 21:45:53
童装,童外套/夹克/大衣,热门基础属性,风格,运动,"6,123","3,957",2019-10-08 21:45:53
童装,童羽绒服/羽绒内胆,热门基础属性,适合季节,冬季,"96,265","25,644",2019-10-08 21:45:53
童装,童羽绒服/羽绒内胆,热门基础属性,适合季节,秋季,"32,356","7,425",2019-10-08 21:45:53
童装,童羽绒服/羽绒内胆,热门基础属性,适合季节,春季,"8,817","3,217",2019-10-08 21:45:53
童装,童针织衫,热门基础属性,适合季节,秋季,"28,821","10,119",2019-10-08 21:45:53
童装,童针织衫,热门基础属性,适合季节,冬季,"18,264","6,623",2019-10-08 21:45:53
童装,童针织衫,热门基础属性,适合季节,春季,"17,337","6,289",2019-10-08 21:45:53
童装,童针织衫,热门基础属性,适合季节,春秋,"14,247","4,690",2019-10-08 21:45:53
童装,童针织衫,热门基础属性,适合季节,夏季,"3,603","1,147",2019-10-08 21:45:53
童装,童装杂款包,热门基础属性,风格,日韩,221,454,2019-10-08 21:45:54
童装,童装杂款包,热门基础属性,风格,卡通可爱,161,711,2019-10-08 21:45:54
童装,童装杂款包,热门基础属性,风格,小清新,53,288,2019-10-08 21:45:54
童装,童装杂款包,热门基础属性,风格,田园风,53,195,2019-10-08 21:45:54
童装,童装杂款包,热门基础属性,风格,韩版,50,89,2019-10-08 21:45:54
童装,校服/校服定制,热门基础属性,元素,套装,"63,671","47,896",2019-10-08 21:45:54
童装,校服/校服定制,热门基础属性,元素,运动,"48,127","32,620",2019-10-08 21:45:54
童装,校服/校服定制,热门基础属性,元素,英伦,"29,013","16,598",2019-10-08 21:45:54
童装,校服/校服定制,热门基础属性,元素,条纹,"5,567","3,789",2019-10-08 21:45:54
童装,校服/校服定制,热门基础属性,元素,格子,"2,835","2,395",2019-10-08 21:45:54
童装,婴儿礼盒,热门基础属性,礼盒内容,服装+配件/用品,"11,112","1,462",2019-10-08 21:45:54
童装,婴儿礼盒,热门基础属性,礼盒内容,服装+鞋+配件/用品,"3,394",467,2019-10-08 21:45:54
童装,婴儿礼盒,热门基础属性,礼盒内容,服装,"2,524","4,575",2019-10-08 21:45:54
童装,婴儿礼盒,热门基础属性,礼盒内容,配件/用品,"2,284",778,2019-10-08 21:45:54
童装,婴儿礼盒,热门基础属性,礼盒内容,配件套装,"1,319","2,754",2019-10-08 21:45:54
童装,儿童防晒衣/皮肤衣,热门基础属性,是否连帽,连帽,"2,145","2,172",2019-10-08 21:49:28
童装,儿童防晒衣/皮肤衣,热门基础属性,是否连帽,不连帽,754,835,2019-10-08 21:49:28
童装,儿童内衣内裤,热门基础属性,内衣品类,棉毛裤/秋裤,611,221,2019-10-08 21:49:28
童装,儿童内衣内裤,热门基础属性,内衣品类,护肚裤,207,63,2019-10-08 21:49:28
童装,儿童袜,热门基础属性,厚薄,中等,"211,014","69,636",2019-10-08 21:49:28
童装,儿童袜,热门基础属性,厚薄,加厚,"62,694","61,569",2019-10-08 21:49:28
童装,儿童袜,热门基础属性,厚薄,薄款,"59,696","66,112",2019-10-08 21:49:28
童装,儿童袜,热门基础属性,厚薄,超薄,"10,415","7,781",2019-10-08 21:49:28
童装,连身衣、爬服,热门基础属性,厚薄,普通,"234,334","74,807",2019-10-08 21:49:28
童装,连身衣、爬服,热门基础属性,厚薄,加厚,"89,569","42,475",2019-10-08 21:49:28
童装,连身衣、爬服,热门基础属性,厚薄,薄款,"45,700","35,287",2019-10-08 21:49:28
童装,连身衣、爬服,热门基础属性,厚薄,加绒,2,38,2019-10-08 21:49:28
童装,亲子装,热门基础属性,适合季节,秋季,"70,599","16,541",2019-10-08 21:49:29
童装,亲子装,热门基础属性,适合季节,春秋,"46,556","15,283",2019-10-08 21:49:29
童装,亲子装,热门基础属性,适合季节,冬季,"45,116","9,658",2019-10-08 21:49:29
童装,亲子装,热门基础属性,适合季节,春季,"43,956","15,529",2019-10-08 21:49:29
童装,亲子装,热门基础属性,适合季节,夏季,"34,345","33,547",2019-10-08 21:49:29
童装,童T恤,热门基础属性,风格,韩版,"169,919","98,598",2019-10-08 21:49:29
童装,童T恤,热门基础属性,风格,休闲,"51,956","57,234",2019-10-08 21:49:29
童装,童T恤,热门基础属性,风格,欧美,"38,846","29,417",2019-10-08 21:49:29
童装,童T恤,热门基础属性,风格,百搭,"14,765","10,593",2019-10-08 21:49:29
童装,童T恤,热门基础属性,风格,运动,"3,482","5,057",2019-10-08 21:49:29
童装,童背心/吊带衫,热门基础属性,风格,韩版,"7,395","4,956",2019-10-08 21:49:29
童装,童背心/吊带衫,热门基础属性,风格,休闲,"4,502","3,069",2019-10-08 21:49:29
童装,童背心/吊带衫,热门基础属性,风格,百搭,"2,000",985,2019-10-08 21:49:29
童装,童背心/吊带衫,热门基础属性,风格,欧美,761,739,2019-10-08 21:49:29
童装,童背心/吊带衫,热门基础属性,风格,运动,457,630,2019-10-08 21:49:29
童装,童表演服/舞蹈服/摄影服,热门基础属性,元素,套装,"45,801","32,323",2019-10-08 21:49:30
童装,童表演服/舞蹈服/摄影服,热门基础属性,元素,公主,"22,718","13,392",2019-10-08 21:49:30
童装,童表演服/舞蹈服/摄影服,热门基础属性,元素,卡通,"15,054","5,119",2019-10-08 21:49:30
童装,童表演服/舞蹈服/摄影服,热门基础属性,元素,军装,"3,445","2,796",2019-10-08 21:49:30
童装,童表演服/舞蹈服/摄影服,热门基础属性,元素,背带,"3,270","4,876",2019-10-08 21:49:30
童装,童衬衫,热门基础属性,风格,韩版,"61,742","37,018",2019-10-08 21:49:30
童装,童衬衫,热门基础属性,风格,休闲,"15,214","14,957",2019-10-08 21:49:30
童装,童衬衫,热门基础属性,风格,百搭,"5,489","3,561",2019-10-08 21:49:30
童装,童衬衫,热门基础属性,风格,欧美,"3,475","2,161",2019-10-08 21:49:30
童装,童衬衫,热门基础属性,风格,学院,"1,142","2,044",2019-10-08 21:49:30
童装,童打底裤,热门基础属性,适用性别,女童,"22,680","14,554",2019-10-08 21:49:30
童装,童打底裤,热门基础属性,适用性别,中性,"7,067","1,697",2019-10-08 21:49:30
童装,童打底裤,热门基础属性,适用性别,中性/男女均可,397,148,2019-10-08 21:49:30
童装,童打底裤,热门基础属性,适用性别,男童,250,194,2019-10-08 21:49:30
童装,童打底裤,热门基础属性,适用性别,亲子,100,65,2019-10-08 21:49:30
童装,童打底衫,热门基础属性,风格,韩版,"27,157","8,625",2019-10-08 21:49:30
童装,童打底衫,热门基础属性,风格,百搭,"5,056","1,223",2019-10-08 21:49:30
童装,童打底衫,热门基础属性,风格,休闲,"4,288","1,534",2019-10-08 21:49:30
童装,童打底衫,热门基础属性,风格,简约,"1,668",492,2019-10-08 21:49:30
童装,童打底衫,热门基础属性,风格,欧美,520,252,2019-10-08 21:49:30
童装,童家居服,热门基础属性,家居服类别,套装,"82,229","41,782",2019-10-08 21:49:31
童装,童家居服,热门基础属性,家居服类别,睡衣,"30,692","16,084",2019-10-08 21:49:31
童装,童家居服,热门基础属性,家居服类别,睡袍,"4,253","1,826",2019-10-08 21:49:31
童装,童家居服,热门基础属性,家居服类别,睡裙,"4,130","2,381",2019-10-08 21:49:31
童装,童家居服,热门基础属性,家居服类别,浴袍,"3,495","1,668",2019-10-08 21:49:31
童装,童裤,热门基础属性,风格,韩版,"387,048","202,167",2019-10-08 21:49:31
童装,童裤,热门基础属性,风格,休闲,"115,933","86,764",2019-10-08 21:49:31
童装,童裤,热门基础属性,风格,百搭,"38,891","20,375",2019-10-08 21:49:31
童装,童裤,热门基础属性,风格,欧美,"25,753","14,733",2019-10-08 21:49:31
童装,童裤,热门基础属性,风格,运动,"25,090","19,059",2019-10-08 21:49:31
童装,童礼服,热门基础属性,适合季节,秋季,"73,999","15,530",2019-10-08 21:49:31
童装,童礼服,热门基础属性,适合季节,夏季,"69,799","18,788",2019-10-08 21:49:31
童装,童礼服,热门基础属性,适合季节,春季,"67,349","31,305",2019-10-08 21:49:31
童装,童礼服,热门基础属性,适合季节,冬季,"62,902","11,698",2019-10-08 21:49:31
童装,童礼服,热门基础属性,适合季节,春秋,"47,941","8,614",2019-10-08 21:49:31
童装,童马甲,热门基础属性,风格,韩版,"54,484","14,405",2019-10-08 21:49:31
童装,童马甲,热门基础属性,风格,休闲,"13,650","9,110",2019-10-08 21:49:31
童装,童马甲,热门基础属性,风格,百搭,"9,455","4,501",2019-10-08 21:49:31
童装,童马甲,热门基础属性,风格,欧美,"3,921","1,276",2019-10-08 21:49:31
童装,童马甲,热门基础属性,风格,中性,329,"1,578",2019-10-08 21:49:31
童装,童毛衣,热门基础属性,领型,圆领,"183,639","52,792",2019-10-08 21:49:32
童装,童毛衣,热门基础属性,领型,高领,"18,168","6,155",2019-10-08 21:49:32
童装,童毛衣,热门基础属性,领型,翻领,"12,697","2,980",2019-10-08 21:49:32
童装,童毛衣,热门基础属性,领型,半高领,669,286,2019-10-08 21:49:32
童装,童棉衣,热门基础属性,厚薄,加厚,"121,798","32,450",2019-10-08 21:49:32
童装,童棉衣,热门基础属性,厚薄,普通,"27,810","8,275",2019-10-08 21:49:32
童装,童棉衣,热门基础属性,厚薄,薄款,"7,849","4,858",2019-10-08 21:49:32
童装,童棉衣,热门基础属性,厚薄,加绒,10,26,2019-10-08 21:49:32
童装,童牛仔服,热门基础属性,领型,翻领,"7,831","3,381",2019-10-08 21:49:32
童装,童牛仔服,热门基础属性,领型,圆领,594,332,2019-10-08 21:49:32
童装,童牛仔服,热门基础属性,领型,连帽,31,21,2019-10-08 21:49:32
童装,童牛仔服,热门基础属性,领型,立领,12,14,2019-10-08 21:49:32
童装,童牛仔服,热门基础属性,领型,衬衣领,1,2,2019-10-08 21:49:32
童装,童披风/斗蓬,热门基础属性,元素,可爱,"7,362","1,137",2019-10-08 21:49:32
童装,童披风/斗蓬,热门基础属性,元素,公主,"5,560",909,2019-10-08 21:49:32
童装,童披风/斗蓬,热门基础属性,元素,卡通,"4,965",801,2019-10-08 21:49:32
童装,童披风/斗蓬,热门基础属性,元素,欧美,"2,558",474,2019-10-08 21:49:32
童装,童披风/斗蓬,热门基础属性,元素,开衫,"2,012",353,2019-10-08 21:49:32
童装,童皮草/皮毛一体,热门基础属性,图案,纯色,"6,199","1,348",2019-10-08 21:49:33
童装,童皮草/皮毛一体,热门基础属性,图案,卡通,528,113,2019-10-08 21:49:33
童装,童皮草/皮毛一体,热门基础属性,图案,字母,212,65,2019-10-08 21:49:33
童装,童皮草/皮毛一体,热门基础属性,图案,格子,142,37,2019-10-08 21:49:33
童装,童皮草/皮毛一体,热门基础属性,图案,豹纹,81,27,2019-10-08 21:49:33
童装,童皮衣,热门基础属性,风格,韩版,"4,893","1,374",2019-10-08 21:49:33
童装,童皮衣,热门基础属性,风格,休闲,"1,126",348,2019-10-08 21:49:33
童装,童皮衣,热门基础属性,风格,欧美,916,178,2019-10-08 21:49:33
童装,童皮衣,热门基础属性,风格,个性,493,134,2019-10-08 21:49:33
童装,童皮衣,热门基础属性,风格,百搭,146,60,2019-10-08 21:49:33
童装,童旗袍/唐装/民族服装,热门基础属性,适合季节,秋季,"40,467","13,021",2019-10-08 21:49:33
童装,童旗袍/唐装/民族服装,热门基础属性,适合季节,春季,"29,457","9,921",2019-10-08 21:49:33
童装,童旗袍/唐装/民族服装,热门基础属性,适合季节,春秋,"28,222","10,431",2019-10-08 21:49:33
童装,童旗袍/唐装/民族服装,热门基础属性,适合季节,夏季,"18,935","15,594",2019-10-08 21:49:33
童装,童旗袍/唐装/民族服装,热门基础属性,适合季节,冬季,"18,258","5,977",2019-10-08 21:49:33
童装,童裙,热门基础属性,裙摆样式,公主裙,"322,243","144,129",2019-10-08 21:49:33
童装,童裙,热门基础属性,裙摆样式,百褶裙,"46,062","20,257",2019-10-08 21:49:33
童装,童裙,热门基础属性,裙摆样式,蛋糕裙,"13,535","7,107",2019-10-08 21:49:33
童装,童裙,热门基础属性,裙摆样式,背带裙,"5,103","4,621",2019-10-08 21:49:33
童装,童套装,热门基础属性,袖长,长袖,"857,024","399,426",2019-10-08 21:49:34
童装,童套装,热门基础属性,袖长,短袖,"130,832","167,462",2019-10-08 21:49:34
童装,童套装,热门基础属性,袖长,无袖,"47,375","142,177",2019-10-08 21:49:34
童装,童套装,热门基础属性,袖长,七分,"2,746","2,105",2019-10-08 21:49:34
童装,童套装,热门基础属性,袖长,五分袖/中袖,"2,309","2,250",2019-10-08 21:49:34
童装,童外套/夹克/大衣,热门基础属性,适合季节,秋季,"288,710","99,200",2019-10-08 21:49:34
童装,童外套/夹克/大衣,热门基础属性,适合季节,冬季,"191,042","59,147",2019-10-08 21:49:34
童装,童外套/夹克/大衣,热门基础属性,适合季节,春秋,"168,080","79,152",2019-10-08 21:49:34
童装,童外套/夹克/大衣,热门基础属性,适合季节,春季,"153,512","53,792",2019-10-08 21:49:34
童装,童外套/夹克/大衣,热门基础属性,适合季节,夏季,"10,516","8,323",2019-10-08 21:49:34
童装,童卫衣,热门基础属性,适合季节,秋季,"212,700","62,813",2019-10-08 21:49:34
童装,童卫衣,热门基础属性,适合季节,冬季,"136,396","37,674",2019-10-08 21:49:34
童装,童卫衣,热门基础属性,适合季节,春秋,"116,647","36,119",2019-10-08 21:49:34
童装,童卫衣,热门基础属性,适合季节,春季,"111,399","35,685",2019-10-08 21:49:34
童装,童卫衣,热门基础属性,适合季节,夏季,"4,927","1,767",2019-10-08 21:49:34
童装,童羽绒服/羽绒内胆,热门基础属性,风格,韩版,"78,716","20,018",2019-10-08 21:49:34
童装,童羽绒服/羽绒内胆,热门基础属性,风格,休闲,"12,797","4,302",2019-10-08 21:49:34
童装,童羽绒服/羽绒内胆,热门基础属性,风格,欧美,"7,578","2,737",2019-10-08 21:49:34
童装,童羽绒服/羽绒内胆,热门基础属性,风格,运动,"2,268",615,2019-10-08 21:49:34
童装,童羽绒服/羽绒内胆,热门基础属性,风格,甜美,"1,734",601,2019-10-08 21:49:34
童装,童针织衫,热门基础属性,风格,韩版,"23,865","15,089",2019-10-08 21:49:35
童装,童针织衫,热门基础属性,风格,休闲,"4,973","2,427",2019-10-08 21:49:35
童装,童针织衫,热门基础属性,风格,欧美,"4,490","1,462",2019-10-08 21:49:35
童装,童针织衫,热门基础属性,风格,甜美,"2,666",668,2019-10-08 21:49:35
童装,童针织衫,热门基础属性,风格,百搭,"2,187",682,2019-10-08 21:49:35
童装,童装加工定制,热门基础属性,产品大类,针织,"1,746","1,698",2019-10-08 21:49:35
童装,童装加工定制,热门基础属性,产品大类,梭织,534,310,2019-10-08 21:49:35
童装,童装加工定制,热门基础属性,产品大类,毛织,435,298,2019-10-08 21:49:35
童装,童装加工定制,热门基础属性,产品大类,牛仔,77,87,2019-10-08 21:49:35
童装,童装加工定制,热门基础属性,产品大类,婚纱/礼服,9,8,2019-10-08 21:49:35
童装,童装杂款包,热门基础属性,面料名称,羊羔毛,67,2,2019-10-08 21:49:35
童装,童装杂款包,热门基础属性,面料名称,牛仔,30,138,2019-10-08 21:49:35
童装,童装杂款包,热门基础属性,面料名称,蕾丝,5,4,2019-10-08 21:49:35
童装,童装杂款包,热门基础属性,面料名称,勿乱拍,3,1,2019-10-08 21:49:35
童装,校服/校服定制,热门基础属性,适合季节,秋季,"47,320","26,599",2019-10-08 21:49:36
童装,校服/校服定制,热门基础属性,适合季节,春秋,"42,984","25,219",2019-10-08 21:49:36
童装,校服/校服定制,热门基础属性,适合季节,春季,"40,701","21,166",2019-10-08 21:49:36
童装,校服/校服定制,热门基础属性,适合季节,冬季,"24,810","13,651",2019-10-08 21:49:36
童装,校服/校服定制,热门基础属性,适合季节,夏季,"19,671","32,676",2019-10-08 21:49:36
童装,婴儿礼盒,热门基础属性,适合季节,秋季,"10,831","1,844",2019-10-08 21:49:36
童装,婴儿礼盒,热门基础属性,适合季节,春季,"10,696","4,820",2019-10-08 21:49:36
童装,婴儿礼盒,热门基础属性,适合季节,冬季,"9,855","2,031",2019-10-08 21:49:36
童装,婴儿礼盒,热门基础属性,适合季节,春秋,"8,808","2,187",2019-10-08 21:49:36
童装,婴儿礼盒,热门基础属性,适合季节,夏季,"7,129","2,161",2019-10-08 21:49:36
童装,儿童防晒衣/皮肤衣,热门基础属性,颜色,白色,"1,296","2,102",2019-10-08 21:51:01
童装,儿童防晒衣/皮肤衣,热门基础属性,颜色,600,39,12,2019-10-08 21:51:01
童装,儿童防晒衣/皮肤衣,热门基础属性,颜色,606,30,14,2019-10-08 21:51:01
童装,儿童防晒衣/皮肤衣,热门基础属性,颜色,601,6,9,2019-10-08 21:51:01
童装,儿童防晒衣/皮肤衣,热门基础属性,颜色,蕾丝,2,8,2019-10-08 21:51:01
童装,儿童内衣内裤,热门基础属性,腰型,高腰,447,133,2019-10-08 21:51:01
童装,儿童内衣内裤,热门基础属性,腰型,中腰,430,159,2019-10-08 21:51:01
童装,儿童袜,热门基础属性,筒高,中筒,"150,116","62,946",2019-10-08 21:51:02
童装,儿童袜,热门基础属性,筒高,连裤,"80,621","80,377",2019-10-08 21:51:02
童装,儿童袜,热门基础属性,筒高,短筒,"59,112","21,278",2019-10-08 21:51:02
童装,儿童袜,热门基础属性,筒高,长筒,"28,679","23,234",2019-10-08 21:51:02
童装,连身衣、爬服,热门基础属性,款式,长爬,"221,052","67,878",2019-10-08 21:51:02
童装,连身衣、爬服,热门基础属性,款式,三角爬,"64,420","33,046",2019-10-08 21:51:02
童装,连身衣、爬服,热门基础属性,款式,短爬,"37,715","27,289",2019-10-08 21:51:02
童装,连身衣、爬服,热门基础属性,款式,蝴蝶衣,"7,261","2,683",2019-10-08 21:51:02
童装,连身衣、爬服,热门基础属性,款式,三角哈衣,2,27,2019-10-08 21:51:02
童装,亲子装,热门基础属性,风格,韩版,"53,813","18,291",2019-10-08 21:51:02
童装,亲子装,热门基础属性,风格,休闲,"29,836","21,995",2019-10-08 21:51:02
童装,亲子装,热门基础属性,风格,欧美,"14,993","3,811",2019-10-08 21:51:02
童装,亲子装,热门基础属性,风格,运动,"6,263","2,559",2019-10-08 21:51:02
童装,亲子装,热门基础属性,风格,百搭,"4,663","1,702",2019-10-08 21:51:02
童装,童T恤,热门基础属性,适合季节,秋季,"145,656","54,258",2019-10-08 21:51:03
童装,童T恤,热门基础属性,适合季节,春季,"119,250","49,219",2019-10-08 21:51:03
童装,童T恤,热门基础属性,适合季节,春秋,"111,457","53,146",2019-10-08 21:51:03
童装,童T恤,热门基础属性,适合季节,夏季,"111,240","126,376",2019-10-08 21:51:03
童装,童T恤,热门基础属性,适合季节,冬季,"53,502","22,243",2019-10-08 21:51:03
童装,童背心/吊带衫,热门基础属性,款式,无袖,"7,250","5,564",2019-10-08 21:51:03
童装,童背心/吊带衫,热门基础属性,款式,针织背心,"4,786","2,687",2019-10-08 21:51:03
童装,童背心/吊带衫,热门基础属性,款式,工字型,"1,657","1,185",2019-10-08 21:51:03
童装,童背心/吊带衫,热门基础属性,款式,吊带款,896,581,2019-10-08 21:51:03
童装,童背心/吊带衫,热门基础属性,款式,吊带裙,191,169,2019-10-08 21:51:03
童装,童表演服/舞蹈服/摄影服,热门基础属性,适用舞蹈类型,练功,"23,345","17,852",2019-10-08 21:51:03
童装,童表演服/舞蹈服/摄影服,热门基础属性,适用舞蹈类型,芭蕾,"8,189","5,246",2019-10-08 21:51:03
童装,童表演服/舞蹈服/摄影服,热门基础属性,适用舞蹈类型,民族,"8,022","12,148",2019-10-08 21:51:03
童装,童表演服/舞蹈服/摄影服,热门基础属性,适用舞蹈类型,拉丁,"6,508","6,063",2019-10-08 21:51:03
童装,童表演服/舞蹈服/摄影服,热门基础属性,适用舞蹈类型,街舞,"4,682","2,416",2019-10-08 21:51:03
童装,童衬衫,热门基础属性,适合季节,秋季,"55,183","23,432",2019-10-08 21:51:03
童装,童衬衫,热门基础属性,适合季节,春秋,"45,457","37,719",2019-10-08 21:51:03
童装,童衬衫,热门基础属性,适合季节,春季,"38,584","19,141",2019-10-08 21:51:03
童装,童衬衫,热门基础属性,适合季节,夏季,"9,942","9,514",2019-10-08 21:51:03
童装,童衬衫,热门基础属性,适合季节,冬季,"9,851","3,554",2019-10-08 21:51:03
童装,童打底裤,热门基础属性,风格,韩版,"20,497","6,332",2019-10-08 21:51:04
童装,童打底裤,热门基础属性,风格,百搭,"4,186","1,433",2019-10-08 21:51:04
童装,童打底裤,热门基础属性,风格,休闲,"2,273","1,073",2019-10-08 21:51:04
童装,童打底裤,热门基础属性,风格,欧美,840,419,2019-10-08 21:51:04
童装,童打底裤,热门基础属性,风格,运动,329,205,2019-10-08 21:51:04
童装,童打底衫,热门基础属性,适用性别,女童,"18,775","6,260",2019-10-08 21:51:04
童装,童打底衫,热门基础属性,适用性别,儿童通用,"17,725","4,662",2019-10-08 21:51:04
童装,童打底衫,热门基础属性,适用性别,男童,"1,743","1,272",2019-10-08 21:51:04
童装,童打底衫,热门基础属性,适用性别,中性/男女均可,635,178,2019-10-08 21:51:04
童装,童打底衫,热门基础属性,适用性别,亲子,348,73,2019-10-08 21:51:04
童装,童家居服,热门基础属性,厚薄,普通,"68,860","20,787",2019-10-08 21:51:04
童装,童家居服,热门基础属性,厚薄,加厚,"26,778","7,973",2019-10-08 21:51:04
童装,童家居服,热门基础属性,厚薄,薄款,"20,319","21,924",2019-10-08 21:51:04
童装,童家居服,热门基础属性,厚薄,抓绒,"6,774","13,489",2019-10-08 21:51:04
童装,童家居服,热门基础属性,厚薄,夹棉,2,1,2019-10-08 21:51:04
童装,童裤,热门基础属性,适合季节,秋季,"358,867","130,851",2019-10-08 21:51:04
童装,童裤,热门基础属性,适合季节,春秋,"238,223","129,912",2019-10-08 21:51:04
童装,童裤,热门基础属性,适合季节,春季,"234,836","100,126",2019-10-08 21:51:04
童装,童裤,热门基础属性,适合季节,冬季,"215,223","72,240",2019-10-08 21:51:04
童装,童裤,热门基础属性,适合季节,夏季,"92,941","94,818",2019-10-08 21:51:04
童装,童礼服,热门基础属性,风格,公主,"59,769","18,509",2019-10-08 21:51:05
童装,童礼服,热门基础属性,风格,欧美,"31,412","4,861",2019-10-08 21:51:05
童装,童礼服,热门基础属性,风格,韩版,"7,914","1,935",2019-10-08 21:51:05
童装,童礼服,热门基础属性,风格,民族,"1,762","4,450",2019-10-08 21:51:05
童装,童礼服,热门基础属性,风格,中性,227,"1,788",2019-10-08 21:51:05
童装,童马甲,热门基础属性,图案,纯色,"42,687","12,685",2019-10-08 21:51:05
童装,童马甲,热门基础属性,图案,卡通,"27,392","6,617",2019-10-08 21:51:05
童装,童马甲,热门基础属性,图案,字母,"7,571","2,201",2019-10-08 21:51:05
童装,童马甲,热门基础属性,图案,条纹,"5,745","3,418",2019-10-08 21:51:05
童装,童马甲,热门基础属性,图案,格子,"4,091","1,011",2019-10-08 21:51:05
童装,童毛衣,热门基础属性,元素,可爱,"101,804","24,006",2019-10-08 21:51:05
童装,童毛衣,热门基础属性,元素,卡通,"59,342","16,633",2019-10-08 21:51:05
童装,童毛衣,热门基础属性,元素,开衫,"33,400","7,500",2019-10-08 21:51:05
童装,童毛衣,热门基础属性,元素,条纹,"26,376","8,010",2019-10-08 21:51:05
童装,童毛衣,热门基础属性,元素,字母,"20,738","6,549",2019-10-08 21:51:05
童装,童棉衣,热门基础属性,风格,韩版,"111,102","31,024",2019-10-08 21:51:05
童装,童棉衣,热门基础属性,风格,休闲,"20,996","6,820",2019-10-08 21:51:05
童装,童棉衣,热门基础属性,风格,欧美,"11,241","2,216",2019-10-08 21:51:05
童装,童棉衣,热门基础属性,风格,运动,"1,533","1,346",2019-10-08 21:51:05
童装,童棉衣,热门基础属性,风格,中性,213,"1,718",2019-10-08 21:51:05
童装,童牛仔服,热门基础属性,适合季节,秋季,"6,561","2,879",2019-10-08 21:51:06
童装,童牛仔服,热门基础属性,适合季节,春秋,"4,988","2,450",2019-10-08 21:51:06
童装,童牛仔服,热门基础属性,适合季节,春季,"4,019","2,030",2019-10-08 21:51:06
童装,童牛仔服,热门基础属性,适合季节,冬季,"1,565",601,2019-10-08 21:51:06
童装,童牛仔服,热门基础属性,适合季节,夏季,317,272,2019-10-08 21:51:06
童装,童披风/斗蓬,热门基础属性,风格,韩版,"6,772",882,2019-10-08 21:51:06
童装,童披风/斗蓬,热门基础属性,风格,百搭,"2,035",513,2019-10-08 21:51:06
童装,童披风/斗蓬,热门基础属性,风格,欧美,"1,611",426,2019-10-08 21:51:06
童装,童披风/斗蓬,热门基础属性,风格,公主,989,175,2019-10-08 21:51:06
童装,童披风/斗蓬,热门基础属性,风格,民族,574,97,2019-10-08 21:51:06
童装,童皮草/皮毛一体,热门基础属性,风格,韩版,"5,480","1,019",2019-10-08 21:51:06
童装,童皮草/皮毛一体,热门基础属性,风格,甜美,842,230,2019-10-08 21:51:06
童装,童皮草/皮毛一体,热门基础属性,风格,欧美,734,235,2019-10-08 21:51:06
童装,童皮草/皮毛一体,热门基础属性,风格,公主,685,158,2019-10-08 21:51:06
童装,童皮草/皮毛一体,热门基础属性,风格,英伦,244,97,2019-10-08 21:51:06
童装,童皮衣,热门基础属性,厚薄,加厚,"2,004",569,2019-10-08 21:51:06
童装,童皮衣,热门基础属性,厚薄,抓绒,361,77,2019-10-08 21:51:06
童装,童皮衣,热门基础属性,厚薄,薄款,186,35,2019-10-08 21:51:06
童装,童旗袍/唐装/民族服装,热门基础属性,元素,套装,"30,964","14,380",2019-10-08 21:51:07
童装,童旗袍/唐装/民族服装,热门基础属性,元素,公主,"29,717","11,701",2019-10-08 21:51:07
童装,童旗袍/唐装/民族服装,热门基础属性,元素,网纱,"9,421","3,046",2019-10-08 21:51:07
童装,童旗袍/唐装/民族服装,热门基础属性,元素,印花,"8,419","4,299",2019-10-08 21:51:07
童装,童旗袍/唐装/民族服装,热门基础属性,元素,蕾丝,"3,013","1,141",2019-10-08 21:51:07
童装,童裙,热门基础属性,风格,韩版,"320,569","153,527",2019-10-08 21:51:07
童装,童裙,热门基础属性,风格,欧美,"134,816","44,929",2019-10-08 21:51:07
童装,童裙,热门基础属性,风格,公主,"48,928","28,528",2019-10-08 21:51:07
童装,童裙,热门基础属性,风格,甜美,"23,051","10,760",2019-10-08 21:51:07
童装,童裙,热门基础属性,风格,民族,"16,933","8,416",2019-10-08 21:51:07
童装,童套装,热门基础属性,适合季节,秋季,"760,385","287,850",2019-10-08 21:51:07
童装,童套装,热门基础属性,适合季节,春季,"552,870","361,827",2019-10-08 21:51:07
童装,童套装,热门基础属性,适合季节,冬季,"247,681","69,863",2019-10-08 21:51:07
童装,童套装,热门基础属性,适合季节,夏季,"209,412","239,633",2019-10-08 21:51:07
童装,童套装,热门基础属性,适合季节,春秋,"1,363",648,2019-10-08 21:51:07
童装,童外套/夹克/大衣,热门基础属性,衣长,短款,"186,442","66,278",2019-10-08 21:51:08
童装,童外套/夹克/大衣,热门基础属性,衣长,中长款,"178,706","67,286",2019-10-08 21:51:08
童装,童外套/夹克/大衣,热门基础属性,衣长,长款,"20,854","28,827",2019-10-08 21:51:08
童装,童卫衣,热门基础属性,风格,韩版,"209,906","67,567",2019-10-08 21:51:08
童装,童卫衣,热门基础属性,风格,休闲,"45,546","18,878",2019-10-08 21:51:08
童装,童卫衣,热门基础属性,风格,欧美,"22,908","7,075",2019-10-08 21:51:08
童装,童卫衣,热门基础属性,风格,运动,"9,295","3,209",2019-10-08 21:51:08
童装,童卫衣,热门基础属性,风格,百搭,"5,328","1,547",2019-10-08 21:51:08
童装,童羽绒服/羽绒内胆,热门基础属性,厚薄,加厚,"75,448","18,087",2019-10-08 21:51:08
童装,童羽绒服/羽绒内胆,热门基础属性,厚薄,薄款,"6,137","1,754",2019-10-08 21:51:08
童装,童羽绒服/羽绒内胆,热门基础属性,厚薄,抓绒,840,"1,821",2019-10-08 21:51:08
童装,童针织衫,热门基础属性,领型,圆领,"22,305","7,996",2019-10-08 21:51:08
童装,童针织衫,热门基础属性,领型,高领,"2,281",669,2019-10-08 21:51:08
童装,童针织衫,热门基础属性,领型,翻领,"1,653",544,2019-10-08 21:51:08
童装,童针织衫,热门基础属性,领型,半高领,31,12,2019-10-08 21:51:08
童装,童装加工定制,热门基础属性,加工类别,针织,"1,624","1,599",2019-10-08 21:51:09
童装,童装加工定制,热门基础属性,加工类别,梭织,590,313,2019-10-08 21:51:09
童装,童装加工定制,热门基础属性,加工类别,毛衫,386,255,2019-10-08 21:51:09
童装,童装加工定制,热门基础属性,加工类别,牛仔,84,74,2019-10-08 21:51:09
童装,童装杂款包,热门基础属性,主要下游平台,品牌折扣童装,27,198,2019-10-08 21:51:09
童装,童装杂款包,热门基础属性,主要下游平台,实体店,24,546,2019-10-08 21:51:09
童装,校服/校服定制,热门基础属性,风格,学院,"26,206","25,449",2019-10-08 21:51:09
童装,校服/校服定制,热门基础属性,风格,运动,"20,245","16,216",2019-10-08 21:51:09
童装,校服/校服定制,热门基础属性,风格,英伦,"13,685","9,788",2019-10-08 21:51:09
童装,校服/校服定制,热门基础属性,风格,休闲,"10,527","9,834",2019-10-08 21:51:09
童装,校服/校服定制,热门基础属性,风格,韩版,"6,521","8,437",2019-10-08 21:51:09
童装,婴儿礼盒,热门基础属性,元素,套装,"9,309","4,697",2019-10-08 21:51:09
童装,婴儿礼盒,热门基础属性,元素,卡通,"7,018","1,209",2019-10-08 21:51:09
童装,婴儿礼盒,热门基础属性,元素,运动,"1,095","1,644",2019-10-08 21:51:09
童装,婴儿礼盒,热门基础属性,元素,公主,914,562,2019-10-08 21:51:09
童装,婴儿礼盒,热门基础属性,元素,欧美,892,247,2019-10-08 21:51:09
童装,儿童防晒衣/皮肤衣,热门基础属性,上市年份季节,2019年夏季,671,725,2019-10-08 21:51:53
童装,儿童防晒衣/皮肤衣,热门基础属性,上市年份季节,2019夏季,636,873,2019-10-08 21:51:53
童装,儿童防晒衣/皮肤衣,热门基础属性,上市年份季节,2019,579,434,2019-10-08 21:51:53
童装,儿童防晒衣/皮肤衣,热门基础属性,上市年份季节,夏季,201,214,2019-10-08 21:51:53
童装,儿童防晒衣/皮肤衣,热门基础属性,上市年份季节,2019夏,199,274,2019-10-08 21:51:53
童装,儿童内衣内裤,热门基础属性,适用季节,秋冬,367,142,2019-10-08 21:51:53
童装,儿童内衣内裤,热门基础属性,适用季节,冬季,236,70,2019-10-08 21:51:53
童装,儿童内衣内裤,热门基础属性,适用季节,春秋,214,66,2019-10-08 21:51:53
童装,儿童内衣内裤,热门基础属性,适用季节,秋季,66,21,2019-10-08 21:51:53
童装,儿童袜,热门基础属性,元素,可爱,"148,440","45,150",2019-10-08 21:51:53
童装,儿童袜,热门基础属性,元素,卡通,"119,459","34,122",2019-10-08 21:51:53
童装,儿童袜,热门基础属性,元素,公主,"75,181","32,632",2019-10-08 21:51:53
童装,儿童袜,热门基础属性,元素,条纹,"55,663","22,238",2019-10-08 21:51:53
童装,儿童袜,热门基础属性,元素,花边,"17,335","8,918",2019-10-08 21:51:53
童装,连身衣、爬服,热门基础属性,适合季节,秋季,"202,835","42,402",2019-10-08 21:51:53
童装,连身衣、爬服,热门基础属性,适合季节,春季,"160,142","39,402",2019-10-08 21:51:53
童装,连身衣、爬服,热门基础属性,适合季节,春秋,"157,843","50,194",2019-10-08 21:51:53
童装,连身衣、爬服,热门基础属性,适合季节,冬季,"146,973","31,129",2019-10-08 21:51:53
童装,连身衣、爬服,热门基础属性,适合季节,夏季,"89,717","63,158",2019-10-08 21:51:53
童装,亲子装,热门基础属性,亲子装类别,卫衣/绒衫,"34,155","7,155",2019-10-08 21:51:54
童装,亲子装,热门基础属性,亲子装类别,套装,"19,658","7,995",2019-10-08 21:51:54
童装,亲子装,热门基础属性,亲子装类别,家居服,"8,027","1,549",2019-10-08 21:51:54
童装,亲子装,热门基础属性,亲子装类别,外套,"7,123","2,743",2019-10-08 21:51:54
童装,童T恤,热门基础属性,图案,卡通,"133,897","78,852",2019-10-08 21:51:54
童装,童T恤,热门基础属性,图案,纯色,"66,344","50,443",2019-10-08 21:51:54
童装,童T恤,热门基础属性,图案,字母,"60,615","40,347",2019-10-08 21:51:54
童装,童T恤,热门基础属性,图案,条纹,"37,887","40,934",2019-10-08 21:51:54
童装,童T恤,热门基础属性,图案,格子,"6,891","13,829",2019-10-08 21:51:54
童装,童背心/吊带衫,热门基础属性,图案,卡通,"6,042","3,827",2019-10-08 21:51:54
童装,童背心/吊带衫,热门基础属性,图案,纯色,"5,624","3,278",2019-10-08 21:51:54
童装,童背心/吊带衫,热门基础属性,图案,条纹,811,712,2019-10-08 21:51:54
童装,童背心/吊带衫,热门基础属性,图案,字母,508,443,2019-10-08 21:51:54
童装,童背心/吊带衫,热门基础属性,图案,格子,217,149,2019-10-08 21:51:54
童装,童表演服/舞蹈服/摄影服,热门基础属性,适合季节,春秋,"15,655","5,739",2019-10-08 21:51:55
童装,童表演服/舞蹈服/摄影服,热门基础属性,适合季节,夏季,"15,449","15,796",2019-10-08 21:51:55
童装,童表演服/舞蹈服/摄影服,热门基础属性,适合季节,秋季,"5,032","3,206",2019-10-08 21:51:55
童装,童表演服/舞蹈服/摄影服,热门基础属性,适合季节,冬季,"2,816","1,832",2019-10-08 21:51:55
童装,童表演服/舞蹈服/摄影服,热门基础属性,适合季节,春季,"1,509","2,491",2019-10-08 21:51:55
童装,童衬衫,热门基础属性,图案,格子,"27,874","17,634",2019-10-08 21:51:55
童装,童衬衫,热门基础属性,图案,纯色,"27,528","17,472",2019-10-08 21:51:55
童装,童衬衫,热门基础属性,图案,卡通,"11,533","5,914",2019-10-08 21:51:55
童装,童衬衫,热门基础属性,图案,条纹,"9,088","7,889",2019-10-08 21:51:55
童装,童衬衫,热门基础属性,图案,字母,"6,031","3,077",2019-10-08 21:51:55
童装,童打底裤,热门基础属性,颜色,黑色,"15,287","11,851",2019-10-08 21:51:55
童装,童打底裤,热门基础属性,颜色,粉色,"7,627","2,885",2019-10-08 21:51:55
童装,童打底裤,热门基础属性,颜色,白色,"6,301","8,919",2019-10-08 21:51:55
童装,童打底裤,热门基础属性,颜色,红色,990,"6,342",2019-10-08 21:51:55
童装,童打底裤,热门基础属性,颜色,肉色,24,"5,998",2019-10-08 21:51:55
童装,童打底衫,热门基础属性,图案,纯色,"15,726","3,801",2019-10-08 21:51:55
童装,童打底衫,热门基础属性,图案,卡通,"6,900","2,542",2019-10-08 21:51:55
童装,童打底衫,热门基础属性,图案,条纹,"6,284","2,321",2019-10-08 21:51:55
童装,童打底衫,热门基础属性,图案,字母,"5,494","2,533",2019-10-08 21:51:55
童装,童打底衫,热门基础属性,图案,花朵,"1,550",783,2019-10-08 21:51:55
童装,童家居服,热门基础属性,元素,套装,"59,778","25,308",2019-10-08 21:51:56
童装,童家居服,热门基础属性,元素,卡通,"56,054","17,297",2019-10-08 21:51:56
童装,童家居服,热门基础属性,元素,可爱,"47,808","14,488",2019-10-08 21:51:56
童装,童家居服,热门基础属性,元素,公主,"21,688","10,540",2019-10-08 21:51:56
童装,童家居服,热门基础属性,元素,亲子,"12,707","5,275",2019-10-08 21:51:56
童装,童裤,热门基础属性,款式,休闲裤,"157,787","114,135",2019-10-08 21:51:56
童装,童裤,热门基础属性,款式,牛仔裤,"128,517","84,396",2019-10-08 21:51:56
童装,童裤,热门基础属性,款式,打底裤,"108,599","46,077",2019-10-08 21:51:56
童装,童裤,热门基础属性,款式,背带裤,"24,271","11,675",2019-10-08 21:51:56
童装,童裤,热门基础属性,款式,哈伦裤,"24,004","13,948",2019-10-08 21:51:56
童装,童礼服,热门基础属性,颜色,粉色,"30,078","5,291",2019-10-08 21:51:56
童装,童礼服,热门基础属性,颜色,白色,"25,950","8,193",2019-10-08 21:51:56
童装,童礼服,热门基础属性,颜色,红色,"25,204","7,591",2019-10-08 21:51:56
童装,童礼服,热门基础属性,颜色,蓝色,"9,825","2,650",2019-10-08 21:51:56
童装,童礼服,热门基础属性,颜色,黑色,"5,361","2,233",2019-10-08 21:51:56
童装,童马甲,热门基础属性,厚薄,加厚,"38,827","12,135",2019-10-08 21:51:56
童装,童马甲,热门基础属性,厚薄,普通,"37,790","10,165",2019-10-08 21:51:56
童装,童马甲,热门基础属性,厚薄,薄款,"5,061","3,897",2019-10-08 21:51:56
童装,童马甲,热门基础属性,厚薄,抓绒,"4,958","6,789",2019-10-08 21:51:56
童装,童马甲,热门基础属性,厚薄,加绒,8,59,2019-10-08 21:51:56
童装,童毛衣,热门基础属性,图案,纯色,"86,495","22,896",2019-10-08 21:51:57
童装,童毛衣,热门基础属性,图案,卡通,"64,159","17,228",2019-10-08 21:51:57
童装,童毛衣,热门基础属性,图案,条纹,"31,857","10,738",2019-10-08 21:51:57
童装,童毛衣,热门基础属性,图案,字母,"22,746","7,987",2019-10-08 21:51:57
童装,童毛衣,热门基础属性,图案,格子,"19,806","5,536",2019-10-08 21:51:57
童装,童棉衣,热门基础属性,图案,纯色,"75,495","17,500",2019-10-08 21:51:57
童装,童棉衣,热门基础属性,图案,卡通,"40,051","11,133",2019-10-08 21:51:57
童装,童棉衣,热门基础属性,图案,字母,"19,738","5,829",2019-10-08 21:51:57
童装,童棉衣,热门基础属性,图案,条纹,"6,335","6,141",2019-10-08 21:51:57
童装,童棉衣,热门基础属性,图案,迷彩,"2,044",543,2019-10-08 21:51:57
童装,童牛仔服,热门基础属性,元素,潮范,"6,291","2,467",2019-10-08 21:51:57
童装,童牛仔服,热门基础属性,元素,卡通,"1,621",686,2019-10-08 21:51:57
童装,童牛仔服,热门基础属性,元素,印花,"1,256",534,2019-10-08 21:51:57
童装,童牛仔服,热门基础属性,元素,字母,"1,210",637,2019-10-08 21:51:57
童装,童牛仔服,热门基础属性,元素,套装,132,402,2019-10-08 21:51:57
童装,童披风/斗蓬,热门基础属性,图案,纯色,"6,609","1,234",2019-10-08 21:51:57
童装,童披风/斗蓬,热门基础属性,图案,卡通,"4,759",767,2019-10-08 21:51:57
童装,童披风/斗蓬,热门基础属性,图案,动物,"1,756",308,2019-10-08 21:51:57
童装,童披风/斗蓬,热门基础属性,图案,格子,560,98,2019-10-08 21:51:57
童装,童披风/斗蓬,热门基础属性,图案,字母,383,70,2019-10-08 21:51:57
童装,童皮草/皮毛一体,热门基础属性,是否连帽,不连帽,"4,423",957,2019-10-08 21:51:58
童装,童皮草/皮毛一体,热门基础属性,是否连帽,连帽,"1,235",325,2019-10-08 21:51:58
童装,童皮衣,热门基础属性,面料名称,皮革,59,9,2019-10-08 21:51:58
童装,童皮衣,热门基础属性,面料名称,真皮,14,12,2019-10-08 21:51:58
童装,童皮衣,热门基础属性,面料名称,针织,3,2,2019-10-08 21:51:58
童装,童旗袍/唐装/民族服装,热门基础属性,面料名称,雪纺,"9,010","2,866",2019-10-08 21:51:58
童装,童旗袍/唐装/民族服装,热门基础属性,面料名称,绸缎,"2,679",866,2019-10-08 21:51:58
童装,童旗袍/唐装/民族服装,热门基础属性,面料名称,棉麻,"1,486",884,2019-10-08 21:51:58
童装,童旗袍/唐装/民族服装,热门基础属性,面料名称,蕾丝,"1,002",368,2019-10-08 21:51:58
童装,童旗袍/唐装/民族服装,热门基础属性,面料名称,水貂绒,456,113,2019-10-08 21:51:58
童装,童裙,热门基础属性,适合季节,秋季,"309,933","73,533",2019-10-08 21:51:59
童装,童裙,热门基础属性,适合季节,春季,"224,779","68,078",2019-10-08 21:51:59
童装,童裙,热门基础属性,适合季节,夏季,"220,780","167,642",2019-10-08 21:51:59
童装,童裙,热门基础属性,适合季节,春秋,"197,508","65,185",2019-10-08 21:51:59
童装,童裙,热门基础属性,适合季节,冬季,"126,680","24,256",2019-10-08 21:51:59
童装,童套装,热门基础属性,风格,韩版,"663,414","390,041",2019-10-08 21:51:59
童装,童套装,热门基础属性,风格,休闲,"134,922","100,641",2019-10-08 21:51:59
童装,童套装,热门基础属性,风格,欧美,"120,797","58,497",2019-10-08 21:51:59
童装,童套装,热门基础属性,风格,运动,"59,063","39,842",2019-10-08 21:51:59
童装,童套装,热门基础属性,风格,公主,"5,559","28,356",2019-10-08 21:51:59
童装,童外套/夹克/大衣,热门基础属性,图案,纯色,"159,799","57,428",2019-10-08 21:51:59
童装,童外套/夹克/大衣,热门基础属性,图案,卡通,"109,573","39,339",2019-10-08 21:51:59
童装,童外套/夹克/大衣,热门基础属性,图案,字母,"70,015","34,224",2019-10-08 21:51:59
童装,童外套/夹克/大衣,热门基础属性,图案,格子,"26,878","15,563",2019-10-08 21:51:59
童装,童外套/夹克/大衣,热门基础属性,图案,迷彩,"9,719","5,786",2019-10-08 21:51:59
童装,童卫衣,热门基础属性,图案,卡通,"125,290","37,541",2019-10-08 21:51:59
童装,童卫衣,热门基础属性,图案,字母,"89,621","28,720",2019-10-08 21:51:59
童装,童卫衣,热门基础属性,图案,纯色,"59,052","16,171",2019-10-08 21:51:59
童装,童卫衣,热门基础属性,图案,条纹,"25,261","8,064",2019-10-08 21:51:59
童装,童卫衣,热门基础属性,图案,格子,"8,491","2,563",2019-10-08 21:51:59
童装,童羽绒服/羽绒内胆,热门基础属性,衣长,中长款,"61,375","18,380",2019-10-08 21:52:00
童装,童羽绒服/羽绒内胆,热门基础属性,衣长,短款,"33,034","8,163",2019-10-08 21:52:00
童装,童羽绒服/羽绒内胆,热门基础属性,衣长,长款,"6,333","2,265",2019-10-08 21:52:00
童装,童针织衫,热门基础属性,图案,纯色,"15,436","5,062",2019-10-08 21:52:00
童装,童针织衫,热门基础属性,图案,卡通,"7,347","3,637",2019-10-08 21:52:00
童装,童针织衫,热门基础属性,图案,条纹,"4,483","2,279",2019-10-08 21:52:00
童装,童针织衫,热门基础属性,图案,字母,"2,242","1,346",2019-10-08 21:52:00
童装,童针织衫,热门基础属性,图案,格子,"2,003",670,2019-10-08 21:52:00
童装,童装加工定制,热门基础属性,工艺,针织,"1,539","1,578",2019-10-08 21:52:00
童装,童装加工定制,热门基础属性,工艺,印花,"1,513","1,253",2019-10-08 21:52:00
童装,童装加工定制,热门基础属性,工艺,提花,994,716,2019-10-08 21:52:00
童装,童装加工定制,热门基础属性,工艺,梭织,973,934,2019-10-08 21:52:00
童装,童装加工定制,热门基础属性,工艺,蕾丝,852,683,2019-10-08 21:52:00
童装,童装杂款包,热门基础属性,主要销售地区,品牌折扣童装,19,201,2019-10-08 21:52:00
童装,校服/校服定制,热门基础属性,颜色,红色,"15,564","11,695",2019-10-08 21:52:01
童装,校服/校服定制,热门基础属性,颜色,女童,"1,844","3,437",2019-10-08 21:52:01
童装,校服/校服定制,热门基础属性,颜色,三件套,735,451,2019-10-08 21:52:01
童装,校服/校服定制,热门基础属性,颜色,马甲,218,265,2019-10-08 21:52:01
童装,校服/校服定制,热门基础属性,颜色,半身裙,20,407,2019-10-08 21:52:01
童装,婴儿礼盒,热门基础属性,适合身高,新生儿,"4,974","1,249",2019-10-08 21:52:01
童装,婴儿礼盒,热门基础属性,适合身高,0-3个月,144,105,2019-10-08 21:52:01
童装,婴儿礼盒,热门基础属性,适合身高,41,60,301,2019-10-08 21:52:01
童装,婴儿礼盒,热门基础属性,适合身高,42,51,273,2019-10-08 21:52:01
童装,婴儿礼盒,热门基础属性,适合身高,43,37,254,2019-10-08 21:52:01
童装,儿童防晒衣/皮肤衣,热门基础属性,上市年份季节,洹彩,59,11,2019-10-08 21:52:37
童装,儿童防晒衣/皮肤衣,热门基础属性,上市年份季节,沃克森琦,14,16,2019-10-08 21:52:37
童装,儿童防晒衣/皮肤衣,热门基础属性,上市年份季节,外贸,11,55,2019-10-08 21:52:37
童装,儿童防晒衣/皮肤衣,热门基础属性,上市年份季节,vvc,2,6,2019-10-08 21:52:37
童装,儿童防晒衣/皮肤衣,热门基础属性,上市年份季节,盈湖,1,7,2019-10-08 21:52:37
童装,儿童内衣内裤,热门基础属性,适用季节,爸妈亲,59,16,2019-10-08 21:52:37
童装,儿童内衣内裤,热门基础属性,适用季节,好鑫,39,20,2019-10-08 21:52:37
童装,儿童内衣内裤,热门基础属性,适用季节,巴布豆,30,5,2019-10-08 21:52:37
童装,儿童内衣内裤,热门基础属性,适用季节,南极人,16,6,2019-10-08 21:52:37
童装,儿童内衣内裤,热门基础属性,适用季节,小素材,1,9,2019-10-08 21:52:37
童装,儿童袜,热门基础属性,元素,连裤袜,"64,040","47,104",2019-10-08 21:52:38
童装,儿童袜,热门基础属性,元素,地板袜,"39,502","14,707",2019-10-08 21:52:38
童装,儿童袜,热门基础属性,元素,船袜,"14,359","16,813",2019-10-08 21:52:38
童装,儿童袜,热门基础属性,元素,袜套,"7,268","4,782",2019-10-08 21:52:38
童装,儿童袜,热门基础属性,元素,丝袜,"1,440","6,207",2019-10-08 21:52:38
童装,连身衣、爬服,热门基础属性,适合季节,韩版,"98,037","23,906",2019-10-08 21:52:38
童装,连身衣、爬服,热门基础属性,适合季节,休闲,"86,703","40,927",2019-10-08 21:52:38
童装,连身衣、爬服,热门基础属性,适合季节,欧美,"60,146","24,639",2019-10-08 21:52:38
童装,连身衣、爬服,热门基础属性,适合季节,公主,"5,884","3,251",2019-10-08 21:52:38
童装,连身衣、爬服,热门基础属性,适合季节,中性,"1,395","3,715",2019-10-08 21:52:38
童装,亲子装,热门基础属性,亲子装类别,印花,"28,697","10,121",2019-10-08 21:52:38
童装,亲子装,热门基础属性,亲子装类别,卡通,"24,544","10,365",2019-10-08 21:52:38
童装,亲子装,热门基础属性,亲子装类别,套装,"23,710","7,347",2019-10-08 21:52:38
童装,亲子装,热门基础属性,亲子装类别,运动,"21,462","6,918",2019-10-08 21:52:38
童装,亲子装,热门基础属性,亲子装类别,条纹,"8,732","2,775",2019-10-08 21:52:38
童装,童T恤,热门基础属性,图案,卡通,"106,373","73,175",2019-10-08 21:52:38
童装,童T恤,热门基础属性,图案,印花,"70,395","48,862",2019-10-08 21:52:38
童装,童T恤,热门基础属性,图案,字母,"52,328","38,977",2019-10-08 21:52:38
童装,童T恤,热门基础属性,图案,欧美,"33,216","22,961",2019-10-08 21:52:38
童装,童T恤,热门基础属性,图案,条纹,"29,634","25,282",2019-10-08 21:52:38
童装,童背心/吊带衫,热门基础属性,图案,卡通,"5,605","3,501",2019-10-08 21:52:39
童装,童背心/吊带衫,热门基础属性,图案,印花,"3,862","2,173",2019-10-08 21:52:39
童装,童背心/吊带衫,热门基础属性,图案,条纹,"1,542",854,2019-10-08 21:52:39
童装,童背心/吊带衫,热门基础属性,图案,字母,"1,450","1,279",2019-10-08 21:52:39
童装,童背心/吊带衫,热门基础属性,图案,套装,710,538,2019-10-08 21:52:39
童装,童表演服/舞蹈服/摄影服,热门基础属性,适合季节,公主,"8,675","8,786",2019-10-08 21:52:39
童装,童表演服/舞蹈服/摄影服,热门基础属性,适合季节,韩版,"8,517","6,789",2019-10-08 21:52:39
童装,童表演服/舞蹈服/摄影服,热门基础属性,适合季节,民族,"8,293","13,450",2019-10-08 21:52:39
童装,童表演服/舞蹈服/摄影服,热门基础属性,适合季节,嘻哈,"5,416","3,824",2019-10-08 21:52:39
童装,童表演服/舞蹈服/摄影服,热门基础属性,适合季节,中性,"3,520","21,879",2019-10-08 21:52:39
童装,童衬衫,热门基础属性,图案,格子,"18,862","13,288",2019-10-08 21:52:39
童装,童衬衫,热门基础属性,图案,开衫,"11,481","6,056",2019-10-08 21:52:39
童装,童衬衫,热门基础属性,图案,卡通,"9,751","6,992",2019-10-08 21:52:39
童装,童衬衫,热门基础属性,图案,印花,"6,649","4,029",2019-10-08 21:52:39
童装,童衬衫,热门基础属性,图案,条纹,"6,335","6,069",2019-10-08 21:52:39
童装,童打底裤,热门基础属性,颜色,春秋,"13,463","4,704",2019-10-08 21:52:40
童装,童打底裤,热门基础属性,颜色,秋冬,"6,593","1,904",2019-10-08 21:52:40
童装,童打底裤,热门基础属性,颜色,秋季,"5,164","1,442",2019-10-08 21:52:40
童装,童打底裤,热门基础属性,颜色,冬季,"3,677","1,470",2019-10-08 21:52:40
童装,童打底裤,热门基础属性,颜色,夏季,"1,190",969,2019-10-08 21:52:40
童装,童打底衫,热门基础属性,图案,可爱,"11,541","3,186",2019-10-08 21:52:40
童装,童打底衫,热门基础属性,图案,卡通,"4,898","1,821",2019-10-08 21:52:40
童装,童打底衫,热门基础属性,图案,条纹,"4,808","1,710",2019-10-08 21:52:40
童装,童打底衫,热门基础属性,图案,字母,"4,010","1,934",2019-10-08 21:52:40
童装,童打底衫,热门基础属性,图案,印花,"3,431","1,376",2019-10-08 21:52:40
童装,童家居服,热门基础属性,元素,韩版,"58,515","19,231",2019-10-08 21:52:40
童装,童家居服,热门基础属性,元素,休闲,"30,312","11,832",2019-10-08 21:52:40
童装,童家居服,热门基础属性,元素,欧美,"13,448","4,247",2019-10-08 21:52:40
童装,童家居服,热门基础属性,元素,公主,"1,338","3,322",2019-10-08 21:52:40
童装,童家居服,热门基础属性,元素,中性,847,"9,139",2019-10-08 21:52:40
童装,童裤,热门基础属性,款式,运动,"126,177","90,243",2019-10-08 21:52:40
童装,童裤,热门基础属性,款式,卡通,"94,954","40,170",2019-10-08 21:52:40
童装,童裤,热门基础属性,款式,字母,"62,072","32,649",2019-10-08 21:52:40
童装,童裤,热门基础属性,款式,印花,"55,692","25,448",2019-10-08 21:52:40
童装,童裤,热门基础属性,款式,背带,"12,773","9,349",2019-10-08 21:52:40
童装,童礼服,热门基础属性,颜色,其他,"5,583","15,192",2019-10-08 21:52:41
童装,童马甲,热门基础属性,厚薄,可爱,"29,458","5,943",2019-10-08 21:52:41
童装,童马甲,热门基础属性,厚薄,开衫,"25,018","5,969",2019-10-08 21:52:41
童装,童马甲,热门基础属性,厚薄,卡通,"22,799","8,062",2019-10-08 21:52:41
童装,童马甲,热门基础属性,厚薄,印花,"9,674","2,075",2019-10-08 21:52:41
童装,童马甲,热门基础属性,厚薄,字母,"6,771","1,913",2019-10-08 21:52:41
童装,童毛衣,热门基础属性,图案,针织,"48,848","13,803",2019-10-08 21:52:41
童装,童毛衣,热门基础属性,图案,水貂绒,"24,656","6,458",2019-10-08 21:52:41
童装,童毛衣,热门基础属性,图案,羊毛,"5,015","1,906",2019-10-08 21:52:41
童装,童毛衣,热门基础属性,图案,羊绒,"2,699","1,502",2019-10-08 21:52:41
童装,童毛衣,热门基础属性,图案,仿貂绒,"2,625",748,2019-10-08 21:52:41
童装,童棉衣,热门基础属性,图案,可爱,"45,247","10,925",2019-10-08 21:52:41
童装,童棉衣,热门基础属性,图案,卡通,"33,208","8,738",2019-10-08 21:52:41
童装,童棉衣,热门基础属性,图案,印花,"17,586","4,750",2019-10-08 21:52:41
童装,童棉衣,热门基础属性,图案,字母,"16,796","5,535",2019-10-08 21:52:41
童装,童棉衣,热门基础属性,图案,套装,"4,725","1,712",2019-10-08 21:52:41
童装,童牛仔服,热门基础属性,元素,纯色,"3,818","1,895",2019-10-08 21:52:42
童装,童牛仔服,热门基础属性,元素,卡通,"2,831","1,018",2019-10-08 21:52:42
童装,童牛仔服,热门基础属性,元素,字母,"2,153",891,2019-10-08 21:52:42
童装,童牛仔服,热门基础属性,元素,花朵,767,421,2019-10-08 21:52:42
童装,童牛仔服,热门基础属性,元素,豹纹,143,52,2019-10-08 21:52:42
童装,童披风/斗蓬,热门基础属性,图案,加厚,"5,357",992,2019-10-08 21:52:42
童装,童披风/斗蓬,热门基础属性,图案,抓绒,"1,274",190,2019-10-08 21:52:42
童装,童披风/斗蓬,热门基础属性,图案,薄款,"1,189",453,2019-10-08 21:52:42
童装,童披风/斗蓬,热门基础属性,图案,加绒,16,54,2019-10-08 21:52:42
童装,童皮草/皮毛一体,热门基础属性,是否连帽,羊羔绒,487,81,2019-10-08 21:52:42
童装,童皮草/皮毛一体,热门基础属性,是否连帽,羊毛,231,67,2019-10-08 21:52:42
童装,童皮草/皮毛一体,热门基础属性,是否连帽,仿皮草,67,15,2019-10-08 21:52:42
童装,童皮草/皮毛一体,热门基础属性,是否连帽,兔毛,30,14,2019-10-08 21:52:42
童装,童皮草/皮毛一体,热门基础属性,是否连帽,獭兔毛,15,14,2019-10-08 21:52:42
童装,童旗袍/唐装/民族服装,热门基础属性,面料名称,中式,"5,675","1,348",2019-10-08 21:52:43
童装,童旗袍/唐装/民族服装,热门基础属性,面料名称,公主,"5,499","1,629",2019-10-08 21:52:43
童装,童旗袍/唐装/民族服装,热门基础属性,面料名称,韩版,845,840,2019-10-08 21:52:43
童装,童旗袍/唐装/民族服装,热门基础属性,面料名称,中国风,491,129,2019-10-08 21:52:43
童装,童旗袍/唐装/民族服装,热门基础属性,面料名称,汉服,143,65,2019-10-08 21:52:43
童装,童裙,热门基础属性,适合季节,公主,"297,102","124,599",2019-10-08 21:52:43
童装,童裙,热门基础属性,适合季节,可爱,"216,580","77,311",2019-10-08 21:52:43
童装,童裙,热门基础属性,适合季节,网纱,"129,938","42,881",2019-10-08 21:52:43
童装,童裙,热门基础属性,适合季节,印花,"79,871","32,146",2019-10-08 21:52:43
童装,童裙,热门基础属性,适合季节,蕾丝,"64,605","19,910",2019-10-08 21:52:43
童装,童套装,热门基础属性,风格,可爱,"259,596","125,250",2019-10-08 21:52:43
童装,童套装,热门基础属性,风格,卡通,"219,282","114,864",2019-10-08 21:52:43
童装,童套装,热门基础属性,风格,运动,"208,116","132,750",2019-10-08 21:52:43
童装,童套装,热门基础属性,风格,印花,"171,170","84,750",2019-10-08 21:52:43
童装,童套装,热门基础属性,风格,公主,"123,140","91,620",2019-10-08 21:52:43
童装,童外套/夹克/大衣,热门基础属性,图案,开衫,"96,745","37,048",2019-10-08 21:52:44
童装,童外套/夹克/大衣,热门基础属性,图案,卡通,"85,936","35,165",2019-10-08 21:52:44
童装,童外套/夹克/大衣,热门基础属性,图案,字母,"54,060","29,484",2019-10-08 21:52:44
童装,童外套/夹克/大衣,热门基础属性,图案,印花,"47,183","23,221",2019-10-08 21:52:44
童装,童外套/夹克/大衣,热门基础属性,图案,拼色,"32,887","19,321",2019-10-08 21:52:44
童装,童卫衣,热门基础属性,图案,卡通,"105,848","31,374",2019-10-08 21:52:44
童装,童卫衣,热门基础属性,图案,字母,"79,101","25,178",2019-10-08 21:52:44
童装,童卫衣,热门基础属性,图案,印花,"72,822","23,048",2019-10-08 21:52:44
童装,童卫衣,热门基础属性,图案,运动,"63,289","20,069",2019-10-08 21:52:44
童装,童卫衣,热门基础属性,图案,条纹,"23,348","6,814",2019-10-08 21:52:44
童装,童羽绒服/羽绒内胆,热门基础属性,衣长,儿童羽绒服,"2,586",345,2019-10-08 21:52:44
童装,童羽绒服/羽绒内胆,热门基础属性,衣长,巴拉巴拉,721,798,2019-10-08 21:52:44
童装,童羽绒服/羽绒内胆,热门基础属性,衣长,馨聚点,74,421,2019-10-08 21:52:44
童装,童羽绒服/羽绒内胆,热门基础属性,衣长,自然系,43,310,2019-10-08 21:52:44
童装,童羽绒服/羽绒内胆,热门基础属性,衣长,宝儿宝,27,241,2019-10-08 21:52:44
童装,童针织衫,热门基础属性,图案,开衫,"9,810","2,442",2019-10-08 21:52:44
童装,童针织衫,热门基础属性,图案,卡通,"6,793","2,557",2019-10-08 21:52:44
童装,童针织衫,热门基础属性,图案,欧美,"5,085","1,344",2019-10-08 21:52:44
童装,童针织衫,热门基础属性,图案,条纹,"3,129","1,099",2019-10-08 21:52:44
童装,童针织衫,热门基础属性,图案,套装,"2,198",700,2019-10-08 21:52:44
童装,童装加工定制,热门基础属性,工艺,连身衣/爬服,399,233,2019-10-08 21:52:45
童装,童装加工定制,热门基础属性,工艺,套装,396,413,2019-10-08 21:52:45
童装,童装加工定制,热门基础属性,工艺,连衣裙,391,233,2019-10-08 21:52:45
童装,童装加工定制,热门基础属性,工艺,卫衣,50,144,2019-10-08 21:52:45
童装,童装杂款包,热门基础属性,主要销售地区,品牌折扣童装,18,236,2019-10-08 21:52:45
童装,童装杂款包,热门基础属性,主要销售地区,麦哈派,17,60,2019-10-08 21:52:45
童装,童装杂款包,热门基础属性,主要销售地区,金果果,10,48,2019-10-08 21:52:45
童装,童装杂款包,热门基础属性,主要销售地区,乐果果,5,30,2019-10-08 21:52:45
童装,童装杂款包,热门基础属性,主要销售地区,武林兵团,3,33,2019-10-08 21:52:45
童装,校服/校服定制,热门基础属性,颜色,两件套,"11,019","12,217",2019-10-08 21:52:45
童装,校服/校服定制,热门基础属性,颜色,三件套,"4,760","2,342",2019-10-08 21:52:45
童装,校服/校服定制,热门基础属性,颜色,套装,"1,607","1,430",2019-10-08 21:52:45
童装,校服/校服定制,热门基础属性,颜色,运动套装,"1,223",847,2019-10-08 21:52:45
童装,校服/校服定制,热门基础属性,颜色,运动,650,534,2019-10-08 21:52:45
童装,儿童袜,热门基础属性,适合季节,秋季,"229,890","62,372",2019-10-08 21:54:16
童装,儿童袜,热门基础属性,适合季节,春季,"174,872","56,523",2019-10-08 21:54:16
童装,儿童袜,热门基础属性,适合季节,冬季,"165,910","48,219",2019-10-08 21:54:16
童装,儿童袜,热门基础属性,适合季节,春秋,"113,674","80,131",2019-10-08 21:54:16
童装,儿童袜,热门基础属性,适合季节,夏季,"98,008","63,266",2019-10-08 21:54:16
童装,儿童内衣内裤,热门基础属性,适用性别,儿童通用,648,233,2019-10-08 21:54:16
童装,儿童内衣内裤,热门基础属性,适用性别,男童,179,41,2019-10-08 21:54:16
童装,儿童内衣内裤,热门基础属性,适用性别,女童,52,29,2019-10-08 21:54:16
童装,连身衣、爬服,热门基础属性,袖长,长袖,"299,155","91,459",2019-10-08 21:54:16
童装,连身衣、爬服,热门基础属性,袖长,短袖,"45,215","39,447",2019-10-08 21:54:16
童装,连身衣、爬服,热门基础属性,袖长,无袖,"25,432","22,174",2019-10-08 21:54:16
童装,童衬衫,热门基础属性,袖长,长袖,"88,626","59,571",2019-10-08 21:54:16
童装,童衬衫,热门基础属性,袖长,短袖,"4,414","6,866",2019-10-08 21:54:16
童装,童衬衫,热门基础属性,袖长,九分,779,361,2019-10-08 21:54:16
童装,童衬衫,热门基础属性,袖长,无袖,704,"2,493",2019-10-08 21:54:16
童装,童衬衫,热门基础属性,袖长,五分袖/中袖,198,145,2019-10-08 21:54:16
童装,儿童防晒衣/皮肤衣,热门基础属性,适用性别,中性,"3,371","2,780",2019-10-08 21:54:16
童装,儿童防晒衣/皮肤衣,热门基础属性,适用性别,女童,"1,112","1,683",2019-10-08 21:54:16
童装,儿童防晒衣/皮肤衣,热门基础属性,适用性别,男童,303,688,2019-10-08 21:54:16
童装,儿童防晒衣/皮肤衣,热门基础属性,适用性别,中性/男女均可,245,76,2019-10-08 21:54:16
童装,童打底裤,热门基础属性,裤长,长裤,"25,656","7,715",2019-10-08 21:54:16
童装,童打底裤,热门基础属性,裤长,九分裤,"3,162","7,998",2019-10-08 21:54:16
童装,童打底裤,热门基础属性,裤长,踩脚裤,"1,263",494,2019-10-08 21:54:16
童装,童打底裤,热门基础属性,裤长,七分裤,577,309,2019-10-08 21:54:16
童装,童打底裤,热门基础属性,裤长,三分裤/安全裤,147,157,2019-10-08 21:54:16
童装,亲子装,热门基础属性,适用人群,家庭装,"88,834","34,556",2019-10-08 21:54:16
童装,亲子装,热门基础属性,适用人群,母女装,"35,907","22,789",2019-10-08 21:54:16
童装,亲子装,热门基础属性,适用人群,母子装,"4,157","3,146",2019-10-08 21:54:16
童装,亲子装,热门基础属性,适用人群,父子装,836,756,2019-10-08 21:54:16
童装,亲子装,热门基础属性,适用人群,父女装,96,83,2019-10-08 21:54:16
童装,童背心/吊带衫,热门基础属性,适合季节,夏季,"9,849","8,369",2019-10-08 21:54:16
童装,童背心/吊带衫,热门基础属性,适合季节,秋季,"7,200","2,774",2019-10-08 21:54:16
童装,童背心/吊带衫,热门基础属性,适合季节,冬季,"5,713","1,998",2019-10-08 21:54:16
童装,童背心/吊带衫,热门基础属性,适合季节,春季,"4,908","2,521",2019-10-08 21:54:16
童装,童背心/吊带衫,热门基础属性,适合季节,春秋,"3,476","1,490",2019-10-08 21:54:16
童装,童打底衫,热门基础属性,袖长,长袖,"37,592","11,303",2019-10-08 21:54:16
童装,童打底衫,热门基础属性,袖长,短袖,228,287,2019-10-08 21:54:16
童装,童打底衫,热门基础属性,袖长,无袖,205,109,2019-10-08 21:54:16
童装,童打底衫,热门基础属性,袖长,九分袖,86,58,2019-10-08 21:54:16
童装,童打底衫,热门基础属性,袖长,七分袖,53,44,2019-10-08 21:54:16
童装,童T恤,热门基础属性,袖长,长袖,"185,802","83,980",2019-10-08 21:54:16
童装,童T恤,热门基础属性,袖长,短袖,"94,625","121,930",2019-10-08 21:54:16
童装,童T恤,热门基础属性,袖长,无袖,"3,474","6,313",2019-10-08 21:54:16
童装,童T恤,热门基础属性,袖长,五分袖/中袖,"1,401","1,091",2019-10-08 21:54:16
童装,童T恤,热门基础属性,袖长,七分,"1,057",791,2019-10-08 21:54:16
童装,童表演服/舞蹈服/摄影服,热门基础属性,适用性别,中性/男女均可,"53,432","65,133",2019-10-08 21:54:16
童装,童表演服/舞蹈服/摄影服,热门基础属性,适用性别,中性,539,355,2019-10-08 21:54:16
童装,童表演服/舞蹈服/摄影服,热门基础属性,适用性别,儿童,6,1,2019-10-08 21:54:16
童装,童表演服/舞蹈服/摄影服,热门基础属性,适用性别,女童,6,2,2019-10-08 21:54:16
童装,童家居服,热门基础属性,适合季节,秋季,"83,335","21,778",2019-10-08 21:54:16
童装,童家居服,热门基础属性,适合季节,冬季,"65,333","19,441",2019-10-08 21:54:16
童装,童家居服,热门基础属性,适合季节,春季,"59,073","18,044",2019-10-08 21:54:16
童装,童家居服,热门基础属性,适合季节,春秋,"47,681","20,454",2019-10-08 21:54:16
童装,童家居服,热门基础属性,适合季节,夏季,"31,023","26,538",2019-10-08 21:54:16
童装,童毛衣,热门基础属性,风格,韩版,"191,400","54,204",2019-10-08 21:54:16
童装,童毛衣,热门基础属性,风格,欧美,"25,814","5,624",2019-10-08 21:54:16
童装,童毛衣,热门基础属性,风格,休闲,"21,402","8,724",2019-10-08 21:54:16
童装,童毛衣,热门基础属性,风格,百搭,"16,301","5,718",2019-10-08 21:54:16
童装,童毛衣,热门基础属性,风格,甜美,"8,210","1,899",2019-10-08 21:54:16
童装,童礼服,热门基础属性,元素,公主,"84,373","22,104",2019-10-08 21:54:16
童装,童礼服,热门基础属性,元素,网纱,"50,480","8,488",2019-10-08 21:54:16
童装,童礼服,热门基础属性,元素,欧美,"38,093","6,256",2019-10-08 21:54:16
童装,童礼服,热门基础属性,元素,蕾丝,"27,133","5,357",2019-10-08 21:54:16
童装,童礼服,热门基础属性,元素,套装,"5,720","4,385",2019-10-08 21:54:16
童装,童裤,热门基础属性,裤长,长裤,"532,783","260,186",2019-10-08 21:54:16
童装,童裤,热门基础属性,裤长,九分裤,"30,501","23,192",2019-10-08 21:54:16
童装,童裤,热门基础属性,裤长,短裤,"23,546","32,508",2019-10-08 21:54:16
童装,童裤,热门基础属性,裤长,五分裤/中裤,"10,113","18,389",2019-10-08 21:54:16
童装,童裤,热门基础属性,裤长,七分裤,"9,169","14,814",2019-10-08 21:54:16
童装,童马甲,热门基础属性,适合季节,冬季,"66,300","17,324",2019-10-08 21:54:16
童装,童马甲,热门基础属性,适合季节,秋季,"62,192","14,368",2019-10-08 21:54:16
童装,童马甲,热门基础属性,适合季节,春秋,"28,910","14,519",2019-10-08 21:54:16
童装,童马甲,热门基础属性,适合季节,春季,"28,280","7,920",2019-10-08 21:54:16
童装,童马甲,热门基础属性,适合季节,夏季,"2,601","1,050",2019-10-08 21:54:16
童装,童棉衣,热门基础属性,适合季节,冬季,"151,769","38,187",2019-10-08 21:54:16
童装,童棉衣,热门基础属性,适合季节,秋季,"56,609","12,217",2019-10-08 21:54:16
童装,童棉衣,热门基础属性,适合季节,春秋,"18,675","5,963",2019-10-08 21:54:16
童装,童棉衣,热门基础属性,适合季节,不限季节,"2,950",829,2019-10-08 21:54:16
童装,童棉衣,热门基础属性,适合季节,夏季,"1,853","2,347",2019-10-08 21:54:16
童装,童牛仔服,热门基础属性,风格,韩版,"8,488","3,682",2019-10-08 21:54:17
童装,童牛仔服,热门基础属性,风格,休闲,"1,416",678,2019-10-08 21:54:17
童装,童牛仔服,热门基础属性,风格,欧美,705,316,2019-10-08 21:54:17
童装,童牛仔服,热门基础属性,风格,百搭,379,253,2019-10-08 21:54:17
童装,童牛仔服,热门基础属性,风格,个性,137,58,2019-10-08 21:54:17
童装,童皮草/皮毛一体,热门基础属性,适合季节,冬季,"8,350","2,002",2019-10-08 21:54:17
童装,童皮草/皮毛一体,热门基础属性,适合季节,秋季,"6,204","1,332",2019-10-08 21:54:17
童装,童皮草/皮毛一体,热门基础属性,适合季节,春季,"2,653",556,2019-10-08 21:54:17
童装,童皮衣,热门基础属性,适合季节,秋季,"5,725","1,429",2019-10-08 21:54:17
童装,童皮衣,热门基础属性,适合季节,冬季,"4,565","1,122",2019-10-08 21:54:17
童装,童皮衣,热门基础属性,适合季节,春秋,"4,469",990,2019-10-08 21:54:17
童装,童皮衣,热门基础属性,适合季节,春季,"3,905",797,2019-10-08 21:54:17
童装,童皮衣,热门基础属性,适合季节,夏季,99,38,2019-10-08 21:54:17
童装,童旗袍/唐装/民族服装,热门基础属性,厚薄,普通,"48,676","20,416",2019-10-08 21:54:17
童装,童旗袍/唐装/民族服装,热门基础属性,厚薄,薄款,"10,747","8,392",2019-10-08 21:54:17
童装,童旗袍/唐装/民族服装,热门基础属性,厚薄,加厚,"10,232","3,740",2019-10-08 21:54:17
童装,童旗袍/唐装/民族服装,热门基础属性,厚薄,抓绒,760,"1,421",2019-10-08 21:54:17
童装,童裙,热门基础属性,裙类别,连衣裙,"524,048","238,563",2019-10-08 21:54:17
童装,童裙,热门基础属性,裙类别,半身裙,"37,521","17,957",2019-10-08 21:54:17
童装,童裙,热门基础属性,裙类别,吊带裙/背心裙,"21,348","18,117",2019-10-08 21:54:17
童装,童裙,热门基础属性,裙类别,裙衫,"6,465","12,110",2019-10-08 21:54:17
童装,童裙,热门基础属性,裙类别,背带裙,"6,022","6,384",2019-10-08 21:54:17
童装,童套装,热门基础属性,套装件数,两件套,"880,959","458,593",2019-10-08 21:54:17
童装,童套装,热门基础属性,套装件数,三件套,"134,309","54,875",2019-10-08 21:54:17
童装,童套装,热门基础属性,套装件数,多件套,"37,476","208,732",2019-10-08 21:54:17
童装,童披风/斗蓬,热门基础属性,适合季节,秋季,"9,670","1,402",2019-10-08 21:54:17
童装,童披风/斗蓬,热门基础属性,适合季节,冬季,"8,738","1,375",2019-10-08 21:54:17
童装,童披风/斗蓬,热门基础属性,适合季节,春季,"5,353",838,2019-10-08 21:54:17
童装,童披风/斗蓬,热门基础属性,适合季节,春秋,"5,291",705,2019-10-08 21:54:17
童装,童披风/斗蓬,热门基础属性,适合季节,夏季,"1,752",419,2019-10-08 21:54:17
童装,校服/校服定制,热门基础属性,元素,套装,"63,671","47,896",2019-10-08 21:54:17
童装,校服/校服定制,热门基础属性,元素,运动,"48,127","32,620",2019-10-08 21:54:17
童装,校服/校服定制,热门基础属性,元素,英伦,"29,013","16,598",2019-10-08 21:54:17
童装,校服/校服定制,热门基础属性,元素,条纹,"5,567","3,789",2019-10-08 21:54:17
童装,校服/校服定制,热门基础属性,元素,格子,"2,835","2,395",2019-10-08 21:54:17
童装,童外套/夹克/大衣,热门基础属性,风格,韩版,"321,571","129,706",2019-10-08 21:54:17
童装,童外套/夹克/大衣,热门基础属性,风格,休闲,"56,585","35,404",2019-10-08 21:54:17
童装,童外套/夹克/大衣,热门基础属性,风格,欧美,"32,209","9,968",2019-10-08 21:54:17
童装,童外套/夹克/大衣,热门基础属性,风格,百搭,"10,388","5,983",2019-10-08 21:54:17
童装,童外套/夹克/大衣,热门基础属性,风格,运动,"6,123","3,957",2019-10-08 21:54:17
童装,童卫衣,热门基础属性,袖长,长袖,"291,667","91,345",2019-10-08 21:54:17
童装,童卫衣,热门基础属性,袖长,短袖,720,428,2019-10-08 21:54:17
童装,童卫衣,热门基础属性,袖长,无袖,372,308,2019-10-08 21:54:17
童装,童卫衣,热门基础属性,袖长,九分,370,150,2019-10-08 21:54:17
童装,童卫衣,热门基础属性,袖长,七分,79,88,2019-10-08 21:54:17
童装,童羽绒服/羽绒内胆,热门基础属性,适合季节,冬季,"96,265","25,644",2019-10-08 21:54:18
童装,童羽绒服/羽绒内胆,热门基础属性,适合季节,秋季,"32,356","7,425",2019-10-08 21:54:18
童装,童羽绒服/羽绒内胆,热门基础属性,适合季节,春季,"8,817","3,217",2019-10-08 21:54:18
童装,童针织衫,热门基础属性,适合季节,秋季,"28,821","10,119",2019-10-08 21:54:18
童装,童针织衫,热门基础属性,适合季节,冬季,"18,264","6,623",2019-10-08 21:54:18
童装,童针织衫,热门基础属性,适合季节,春季,"17,337","6,289",2019-10-08 21:54:18
童装,童针织衫,热门基础属性,适合季节,春秋,"14,247","4,690",2019-10-08 21:54:18
童装,童针织衫,热门基础属性,适合季节,夏季,"3,603","1,147",2019-10-08 21:54:18
童装,童装加工定制,热门基础属性,加工方式,来样加工,"2,722","2,350",2019-10-08 21:54:18
童装,童装加工定制,热门基础属性,加工方式,贴牌加工,"2,592","2,216",2019-10-08 21:54:18
童装,童装加工定制,热门基础属性,加工方式,来图加工,"2,529","2,163",2019-10-08 21:54:18
童装,童装杂款包,热门基础属性,风格,日韩,221,454,2019-10-08 21:54:18
童装,童装杂款包,热门基础属性,风格,卡通可爱,161,711,2019-10-08 21:54:18
童装,童装杂款包,热门基础属性,风格,小清新,53,288,2019-10-08 21:54:18
童装,童装杂款包,热门基础属性,风格,田园风,53,195,2019-10-08 21:54:18
童装,童装杂款包,热门基础属性,风格,韩版,50,89,2019-10-08 21:54:18
童装,婴儿礼盒,热门基础属性,礼盒内容,服装+配件/用品,"11,112","1,462",2019-10-08 21:54:19
童装,婴儿礼盒,热门基础属性,礼盒内容,服装+鞋+配件/用品,"3,394",467,2019-10-08 21:54:19
童装,婴儿礼盒,热门基础属性,礼盒内容,服装,"2,524","4,575",2019-10-08 21:54:19
童装,婴儿礼盒,热门基础属性,礼盒内容,配件/用品,"2,284",778,2019-10-08 21:54:19
童装,婴儿礼盒,热门基础属性,礼盒内容,配件套装,"1,319","2,754",2019-10-08 21:54:19
